Time,dayofyear,month,dayofweek,hourofday,minuteofday,daytype,season,Energy
1/1/2018 0:00,1,1,1,0,0,0,1,0.22800282
1/1/2018 0:15,1,1,1,0,15,0,1,0.22800282
1/1/2018 0:30,1,1,1,0,30,0,1,0.22800282
1/1/2018 0:45,1,1,1,0,45,0,1,0.22800282
1/1/2018 1:00,1,1,1,1,0,0,1,0.22800282
1/1/2018 1:15,1,1,1,1,15,0,1,0.22800282
1/1/2018 1:30,1,1,1,1,30,0,1,0.22800282
1/1/2018 1:45,1,1,1,1,45,0,1,0.22800282
1/1/2018 2:00,1,1,1,2,0,0,1,0.22800282
1/1/2018 2:15,1,1,1,2,15,0,1,0.22800282
1/1/2018 2:30,1,1,1,2,30,0,1,0.22800282
1/1/2018 2:45,1,1,1,2,45,0,1,0.22800282
1/1/2018 3:00,1,1,1,3,0,0,1,0.22800282
1/1/2018 3:15,1,1,1,3,15,0,1,0.22800282
1/1/2018 3:30,1,1,1,3,30,0,1,0.22800282
1/1/2018 3:45,1,1,1,3,45,0,1,0.22800282
1/1/2018 4:00,1,1,1,4,0,0,1,0.22800282
1/1/2018 4:15,1,1,1,4,15,0,1,0.22800282
1/1/2018 4:30,1,1,1,4,30,0,1,0.22800282
1/1/2018 4:45,1,1,1,4,45,0,1,0.22800282
1/1/2018 5:00,1,1,1,5,0,0,1,0.22800282
1/1/2018 5:15,1,1,1,5,15,0,1,0.22800282
1/1/2018 5:30,1,1,1,5,30,0,1,0.22800282
1/1/2018 5:45,1,1,1,5,45,0,1,0.22800282
1/1/2018 6:00,1,1,1,6,0,0,1,0.22800282
1/1/2018 6:15,1,1,1,6,15,0,1,0.22800282
1/1/2018 6:30,1,1,1,6,30,0,1,0.22800282
1/1/2018 6:45,1,1,1,6,45,0,1,0.22800282
1/1/2018 7:00,1,1,1,7,0,0,1,0.22800282
1/1/2018 7:15,1,1,1,7,15,0,1,0.22800282
1/1/2018 7:30,1,1,1,7,30,0,1,0.22800282
1/1/2018 7:45,1,1,1,7,45,0,1,0.22800282
1/1/2018 8:00,1,1,1,8,0,0,1,0.22800282
1/1/2018 8:15,1,1,1,8,15,0,1,0.22800282
1/1/2018 8:30,1,1,1,8,30,0,1,0.22800282
1/1/2018 8:45,1,1,1,8,45,0,1,0.22800282
1/1/2018 9:00,1,1,1,9,0,0,1,0.22800282
1/1/2018 9:15,1,1,1,9,15,0,1,0.22800282
1/1/2018 9:30,1,1,1,9,30,0,1,0.22800282
1/1/2018 9:45,1,1,1,9,45,0,1,0.22800282
1/1/2018 10:00,1,1,1,10,0,0,1,0.22800282
1/1/2018 10:15,1,1,1,10,15,0,1,0.22800282
1/1/2018 10:30,1,1,1,10,30,0,1,0.22800282
1/1/2018 10:45,1,1,1,10,45,0,1,0.22800282
1/1/2018 11:00,1,1,1,11,0,0,1,0.22800282
1/1/2018 11:15,1,1,1,11,15,0,1,0.22800282
1/1/2018 11:30,1,1,1,11,30,0,1,0.22800282
1/1/2018 11:45,1,1,1,11,45,0,1,0.22800282
1/1/2018 12:00,1,1,1,12,0,0,1,0.22800282
1/1/2018 12:15,1,1,1,12,15,0,1,0.22800282
1/1/2018 12:30,1,1,1,12,30,0,1,0.22800282
1/1/2018 12:45,1,1,1,12,45,0,1,0.22800282
1/1/2018 13:00,1,1,1,13,0,0,1,0.22800282
1/1/2018 13:15,1,1,1,13,15,0,1,0.22800282
1/1/2018 13:30,1,1,1,13,30,0,1,0.22800282
1/1/2018 13:45,1,1,1,13,45,0,1,0.22800282
1/1/2018 14:00,1,1,1,14,0,0,1,0.22800282
1/1/2018 14:15,1,1,1,14,15,0,1,0.22800282
1/1/2018 14:30,1,1,1,14,30,0,1,0.22800282
1/1/2018 14:45,1,1,1,14,45,0,1,0.22800282
1/1/2018 15:00,1,1,1,15,0,0,1,0.22800282
1/1/2018 15:15,1,1,1,15,15,0,1,0.22800282
1/1/2018 15:30,1,1,1,15,30,0,1,0.22800282
1/1/2018 15:45,1,1,1,15,45,0,1,0.22800282
1/1/2018 16:00,1,1,1,16,0,0,1,0.22800282
1/1/2018 16:15,1,1,1,16,15,0,1,0.22800282
1/1/2018 16:30,1,1,1,16,30,0,1,0.22800282
1/1/2018 16:45,1,1,1,16,45,0,1,0.22800282
1/1/2018 17:00,1,1,1,17,0,0,1,0.22800282
1/1/2018 17:15,1,1,1,17,15,0,1,0.22800282
1/1/2018 17:30,1,1,1,17,30,0,1,0.22800282
1/1/2018 17:45,1,1,1,17,45,0,1,0.22800282
1/1/2018 18:00,1,1,1,18,0,0,1,0.22800282
1/1/2018 18:15,1,1,1,18,15,0,1,0.22800282
1/1/2018 18:30,1,1,1,18,30,0,1,0.22800282
1/1/2018 18:45,1,1,1,18,45,0,1,0.22800282
1/1/2018 19:00,1,1,1,19,0,0,1,0.22800282
1/1/2018 19:15,1,1,1,19,15,0,1,0.22800282
1/1/2018 19:30,1,1,1,19,30,0,1,0.22800282
1/1/2018 19:45,1,1,1,19,45,0,1,0.22800282
1/1/2018 20:00,1,1,1,20,0,0,1,0.22800282
1/1/2018 20:15,1,1,1,20,15,0,1,0.22800282
1/1/2018 20:30,1,1,1,20,30,0,1,0.22800282
1/1/2018 20:45,1,1,1,20,45,0,1,0.22800282
1/1/2018 21:00,1,1,1,21,0,0,1,0.22800282
1/1/2018 21:15,1,1,1,21,15,0,1,0.22800282
1/1/2018 21:30,1,1,1,21,30,0,1,0.22800282
1/1/2018 21:45,1,1,1,21,45,0,1,0.22800282
1/1/2018 22:00,1,1,1,22,0,0,1,0.22800282
1/1/2018 22:15,1,1,1,22,15,0,1,0.22800282
1/1/2018 22:30,1,1,1,22,30,0,1,0.22800282
1/1/2018 22:45,1,1,1,22,45,0,1,0.22800282
1/1/2018 23:00,1,1,1,23,0,0,1,0.22800282
1/1/2018 23:15,1,1,1,23,15,0,1,0.22800282
1/1/2018 23:30,1,1,1,23,30,0,1,0.22800282
1/1/2018 23:45,1,1,1,23,45,0,1,0.22800282
1/8/2018 0:00,8,1,1,0,0,0,1,0.292420028
1/8/2018 0:15,8,1,1,0,15,0,1,0.290652527
1/8/2018 0:30,8,1,1,0,30,0,1,0.288508345
1/8/2018 0:45,8,1,1,0,45,0,1,0.288305517
1/8/2018 1:00,8,1,1,1,0,0,1,0.291376912
1/8/2018 1:15,8,1,1,1,15,0,1,0.286219286
1/8/2018 1:30,8,1,1,1,30,0,1,0.287204451
1/8/2018 1:45,8,1,1,1,45,0,1,0.283234817
1/8/2018 2:00,8,1,1,2,0,0,1,0.284683588
1/8/2018 2:15,8,1,1,2,15,0,1,0.27871465
1/8/2018 2:30,8,1,1,2,30,0,1,0.28277121
1/8/2018 2:45,8,1,1,2,45,0,1,0.277584608
1/8/2018 3:00,8,1,1,3,0,0,1,0.273238294
1/8/2018 3:15,8,1,1,3,15,0,1,0.27941006
1/8/2018 3:30,8,1,1,3,30,0,1,0.273035466
1/8/2018 3:45,8,1,1,3,45,0,1,0.272426982
1/8/2018 4:00,8,1,1,4,0,0,1,0.271210014
1/8/2018 4:15,8,1,1,4,15,0,1,0.267530134
1/8/2018 4:30,8,1,1,4,30,0,1,0.270311776
1/8/2018 4:45,8,1,1,4,45,0,1,0.269007881
1/8/2018 5:00,8,1,1,5,0,0,1,0.265675707
1/8/2018 5:15,8,1,1,5,15,0,1,0.268109643
1/8/2018 5:30,8,1,1,5,30,0,1,0.267008577
1/8/2018 5:45,8,1,1,5,45,0,1,0.264284886
1/8/2018 6:00,8,1,1,6,0,0,1,0.267356282
1/8/2018 6:15,8,1,1,6,15,0,1,0.266168289
1/8/2018 6:30,8,1,1,6,30,0,1,0.264574641
1/8/2018 6:45,8,1,1,6,45,0,1,0.257012054
1/8/2018 7:00,8,1,1,7,0,0,1,0.248783032
1/8/2018 7:15,8,1,1,7,15,0,1,0.247681966
1/8/2018 7:30,8,1,1,7,30,0,1,0.250579509
1/8/2018 7:45,8,1,1,7,45,0,1,0.25741771
1/8/2018 8:00,8,1,1,8,0,0,1,0.267703987
1/8/2018 8:15,8,1,1,8,15,0,1,0.273296245
1/8/2018 8:30,8,1,1,8,30,0,1,0.27636764
1/8/2018 8:45,8,1,1,8,45,0,1,0.277642559
1/8/2018 9:00,8,1,1,9,0,0,1,0.296853268
1/8/2018 9:15,8,1,1,9,15,0,1,0.354804126
1/8/2018 9:30,8,1,1,9,30,0,1,0.357238062
1/8/2018 9:45,8,1,1,9,45,0,1,0.371146268
1/8/2018 10:00,8,1,1,10,0,0,1,0.393718127
1/8/2018 10:15,8,1,1,10,15,0,1,0.402497682
1/8/2018 10:30,8,1,1,10,30,0,1,0.405018544
1/8/2018 10:45,8,1,1,10,45,0,1,0.413508345
1/8/2018 11:00,8,1,1,11,0,0,1,0.417564905
1/8/2018 11:15,8,1,1,11,15,0,1,0.443874594
1/8/2018 11:30,8,1,1,11,30,0,1,0.440107789
1/8/2018 11:45,8,1,1,11,45,0,1,0.446163653
1/8/2018 12:00,8,1,1,12,0,0,1,0.50709898
1/8/2018 12:15,8,1,1,12,15,0,1,0.509069309
1/8/2018 12:30,8,1,1,12,30,0,1,0.474762401
1/8/2018 12:45,8,1,1,12,45,0,1,0.464476124
1/8/2018 13:00,8,1,1,13,0,0,1,0.469894529
1/8/2018 13:15,8,1,1,13,15,0,1,0.47096662
1/8/2018 13:30,8,1,1,13,30,0,1,0.451263329
1/8/2018 13:45,8,1,1,13,45,0,1,0.445584145
1/8/2018 14:00,8,1,1,14,0,0,1,0.460767269
1/8/2018 14:15,8,1,1,14,15,0,1,0.461868336
1/8/2018 14:30,8,1,1,14,30,0,1,0.457985628
1/8/2018 14:45,8,1,1,14,45,0,1,0.482180111
1/8/2018 15:00,8,1,1,15,0,0,1,0.486613352
1/8/2018 15:15,8,1,1,15,15,0,1,0.488207
1/8/2018 15:30,8,1,1,15,30,0,1,0.477225313
1/8/2018 15:45,8,1,1,15,45,0,1,0.478210478
1/8/2018 16:00,8,1,1,16,0,0,1,0.461317803
1/8/2018 16:15,8,1,1,16,15,0,1,0.45847821
1/8/2018 16:30,8,1,1,16,30,0,1,0.468156004
1/8/2018 16:45,8,1,1,16,45,0,1,0.492669217
1/8/2018 17:00,8,1,1,17,0,0,1,0.482382939
1/8/2018 17:15,8,1,1,17,15,0,1,0.452277469
1/8/2018 17:30,8,1,1,17,30,0,1,0.441440658
1/8/2018 17:45,8,1,1,17,45,0,1,0.430632823
1/8/2018 18:00,8,1,1,18,0,0,1,0.426228558
1/8/2018 18:15,8,1,1,18,15,0,1,0.415275846
1/8/2018 18:30,8,1,1,18,30,0,1,0.40472879
1/8/2018 18:45,8,1,1,18,45,0,1,0.394384562
1/8/2018 19:00,8,1,1,19,0,0,1,0.394674316
1/8/2018 19:15,8,1,1,19,15,0,1,0.380244553
1/8/2018 19:30,8,1,1,19,30,0,1,0.378419101
1/8/2018 19:45,8,1,1,19,45,0,1,0.372942745
1/8/2018 20:00,8,1,1,20,0,0,1,0.354543347
1/8/2018 20:15,8,1,1,20,15,0,1,0.346893834
1/8/2018 20:30,8,1,1,20,30,0,1,0.348719286
1/8/2018 20:45,8,1,1,20,45,0,1,0.344315021
1/8/2018 21:00,8,1,1,21,0,0,1,0.330609643
1/8/2018 21:15,8,1,1,21,15,0,1,0.31928025
1/8/2018 21:30,8,1,1,21,30,0,1,0.312673853
1/8/2018 21:45,8,1,1,21,45,0,1,0.322670376
1/8/2018 22:00,8,1,1,22,0,0,1,0.327683125
1/8/2018 22:15,8,1,1,22,15,0,1,0.330088085
1/8/2018 22:30,8,1,1,22,30,0,1,0.337940427
1/8/2018 22:45,8,1,1,22,45,0,1,0.324640705
1/8/2018 23:00,8,1,1,23,0,0,1,0.322525498
1/8/2018 23:15,8,1,1,23,15,0,1,0.316672462
1/8/2018 23:30,8,1,1,23,30,0,1,0.317309921
1/8/2018 23:45,8,1,1,23,45,0,1,0.315745248
1/15/2018 0:00,15,1,1,0,0,0,1,0.326553083
1/15/2018 0:15,15,1,1,0,15,0,1,0.327480297
1/15/2018 0:30,15,1,1,0,30,0,1,0.325857673
1/15/2018 0:45,15,1,1,0,45,0,1,0.323771442
1/15/2018 1:00,15,1,1,1,0,0,1,0.323249884
1/15/2018 1:15,15,1,1,1,15,0,1,0.323133982
1/15/2018 1:30,15,1,1,1,30,0,1,0.323307835
1/15/2018 1:45,15,1,1,1,45,0,1,0.312413074
1/15/2018 2:00,15,1,1,2,0,0,1,0.307545202
1/15/2018 2:15,15,1,1,2,15,0,1,0.307313398
1/15/2018 2:30,15,1,1,2,30,0,1,0.311775614
1/15/2018 2:45,15,1,1,2,45,0,1,0.302909133
1/15/2018 3:00,15,1,1,3,0,0,1,0.303430691
1/15/2018 3:15,15,1,1,3,15,0,1,0.299837738
1/15/2018 3:30,15,1,1,3,30,0,1,0.296708391
1/15/2018 3:45,15,1,1,3,45,0,1,0.300417246
1/15/2018 4:00,15,1,1,4,0,0,1,0.30609643
1/15/2018 4:15,15,1,1,4,15,0,1,0.301981919
1/15/2018 4:30,15,1,1,4,30,0,1,0.303082986
1/15/2018 4:45,15,1,1,4,45,0,1,0.300880853
1/15/2018 5:00,15,1,1,5,0,0,1,0.300243394
1/15/2018 5:15,15,1,1,5,15,0,1,0.29323134
1/15/2018 5:30,15,1,1,5,30,0,1,0.295665276
1/15/2018 5:45,15,1,1,5,45,0,1,0.294853964
1/15/2018 6:00,15,1,1,6,0,0,1,0.298388966
1/15/2018 6:15,15,1,1,6,15,0,1,0.29323134
1/15/2018 6:30,15,1,1,6,30,0,1,0.297345851
1/15/2018 6:45,15,1,1,6,45,0,1,0.294274455
1/15/2018 7:00,15,1,1,7,0,0,1,0.294042652
1/15/2018 7:15,15,1,1,7,15,0,1,0.300243394
1/15/2018 7:30,15,1,1,7,30,0,1,0.312123319
1/15/2018 7:45,15,1,1,7,45,0,1,0.305516922
1/15/2018 8:00,15,1,1,8,0,0,1,0.334608252
1/15/2018 8:15,15,1,1,8,15,0,1,0.357614743
1/15/2018 8:30,15,1,1,8,30,0,1,0.348284655
1/15/2018 8:45,15,1,1,8,45,0,1,0.344923505
1/15/2018 9:00,15,1,1,9,0,0,1,0.350950394
1/15/2018 9:15,15,1,1,9,15,0,1,0.40878535
1/15/2018 9:30,15,1,1,9,30,0,1,0.436427909
1/15/2018 9:45,15,1,1,9,45,0,1,0.453175707
1/15/2018 10:00,15,1,1,10,0,0,1,0.471024571
1/15/2018 10:15,15,1,1,10,15,0,1,0.502202133
1/15/2018 10:30,15,1,1,10,30,0,1,0.504578118
1/15/2018 10:45,15,1,1,10,45,0,1,0.501912378
1/15/2018 11:00,15,1,1,11,0,0,1,0.518776078
1/15/2018 11:15,15,1,1,11,15,0,1,0.507070005
1/15/2018 11:30,15,1,1,11,30,0,1,0.523585999
1/15/2018 11:45,15,1,1,11,45,0,1,0.542883635
1/15/2018 12:00,15,1,1,12,0,0,1,0.566063978
1/15/2018 12:15,15,1,1,12,15,0,1,0.565136764
1/15/2018 12:30,15,1,1,12,30,0,1,0.564325452
1/15/2018 12:45,15,1,1,12,45,0,1,0.55609643
1/15/2018 13:00,15,1,1,13,0,0,1,0.541492814
1/15/2018 13:15,15,1,1,13,15,0,1,0.524281409
1/15/2018 13:30,15,1,1,13,30,0,1,0.519529439
1/15/2018 13:45,15,1,1,13,45,0,1,0.564615206
1/15/2018 14:00,15,1,1,14,0,0,1,0.562413074
1/15/2018 14:15,15,1,1,14,15,0,1,0.56281873
1/15/2018 14:30,15,1,1,14,30,0,1,0.558298563
1/15/2018 14:45,15,1,1,14,45,0,1,0.596082522
1/15/2018 15:00,15,1,1,15,0,0,1,0.630099675
1/15/2018 15:15,15,1,1,15,15,0,1,0.608889662
1/15/2018 15:30,15,1,1,15,30,0,1,0.61619147
1/15/2018 15:45,15,1,1,15,45,0,1,0.637053778
1/15/2018 16:00,15,1,1,16,0,0,1,0.629114511
1/15/2018 16:15,15,1,1,16,15,0,1,0.626448771
1/15/2018 16:30,15,1,1,16,30,0,1,0.60605007
1/15/2018 16:45,15,1,1,16,45,0,1,0.606919332
1/15/2018 17:00,15,1,1,17,0,0,1,0.582000464
1/15/2018 17:15,15,1,1,17,15,0,1,0.54323134
1/15/2018 17:30,15,1,1,17,30,0,1,0.533959203
1/15/2018 17:45,15,1,1,17,45,0,1,0.5101414
1/15/2018 18:00,15,1,1,18,0,0,1,0.503940658
1/15/2018 18:15,15,1,1,18,15,0,1,0.477573018
1/15/2018 18:30,15,1,1,18,30,0,1,0.469923505
1/15/2018 18:45,15,1,1,18,45,0,1,0.456826611
1/15/2018 19:00,15,1,1,19,0,0,1,0.457116365
1/15/2018 19:15,15,1,1,19,15,0,1,0.436659713
1/15/2018 19:30,15,1,1,19,30,0,1,0.448771442
1/15/2018 19:45,15,1,1,19,45,0,1,0.449814557
1/15/2018 20:00,15,1,1,20,0,0,1,0.442396847
1/15/2018 20:15,15,1,1,20,15,0,1,0.434863236
1/15/2018 20:30,15,1,1,20,30,0,1,0.421360686
1/15/2018 20:45,15,1,1,20,45,0,1,0.416492814
1/15/2018 21:00,15,1,1,21,0,0,1,0.393080668
1/15/2018 21:15,15,1,1,21,15,0,1,0.379172462
1/15/2018 21:30,15,1,1,21,30,0,1,0.384214186
1/15/2018 21:45,15,1,1,21,45,0,1,0.386648122
1/15/2018 22:00,15,1,1,22,0,0,1,0.403511822
1/15/2018 22:15,15,1,1,22,15,0,1,0.395862309
1/15/2018 22:30,15,1,1,22,30,0,1,0.393196569
1/15/2018 22:45,15,1,1,22,45,0,1,0.391979601
1/15/2018 23:00,15,1,1,23,0,0,1,0.394877144
1/15/2018 23:15,15,1,1,23,15,0,1,0.3918637
1/15/2018 23:30,15,1,1,23,30,0,1,0.382185906
1/15/2018 23:45,15,1,1,23,45,0,1,0.37366713
1/22/2018 0:00,22,1,1,0,0,0,1,0.313977747
1/22/2018 0:15,22,1,1,0,15,0,1,0.306212332
1/22/2018 0:30,22,1,1,0,30,0,1,0.303894298
1/22/2018 0:45,22,1,1,0,45,0,1,0.309515531
1/22/2018 1:00,22,1,1,1,0,0,1,0.304010199
1/22/2018 1:15,22,1,1,1,15,0,1,0.30470561
1/22/2018 1:30,22,1,1,1,30,0,1,0.304415855
1/22/2018 1:45,22,1,1,1,45,0,1,0.31079045
1/22/2018 2:00,22,1,1,2,0,0,1,0.30470561
1/22/2018 2:15,22,1,1,2,15,0,1,0.298157163
1/22/2018 2:30,22,1,1,2,30,0,1,0.295781178
1/22/2018 2:45,22,1,1,2,45,0,1,0.295607325
1/22/2018 3:00,22,1,1,3,0,0,1,0.298388966
1/22/2018 3:15,22,1,1,3,15,0,1,0.297751507
1/22/2018 3:30,22,1,1,3,30,0,1,0.296534539
1/22/2018 3:45,22,1,1,3,45,0,1,0.298562819
1/22/2018 4:00,22,1,1,4,0,0,1,0.291608716
1/22/2018 4:15,22,1,1,4,15,0,1,0.29120306
1/22/2018 4:30,22,1,1,4,30,0,1,0.28987019
1/22/2018 4:45,22,1,1,4,45,0,1,0.29525962
1/22/2018 5:00,22,1,1,5,0,0,1,0.29050765
1/22/2018 5:15,22,1,1,5,15,0,1,0.286798795
1/22/2018 5:30,22,1,1,5,30,0,1,0.286566991
1/22/2018 5:45,22,1,1,5,45,0,1,0.29120306
1/22/2018 6:00,22,1,1,6,0,0,1,0.290449699
1/22/2018 6:15,22,1,1,6,15,0,1,0.283147891
1/22/2018 6:30,22,1,1,6,30,0,1,0.288131664
1/22/2018 6:45,22,1,1,6,45,0,1,0.281119611
1/22/2018 7:00,22,1,1,7,0,0,1,0.281119611
1/22/2018 7:15,22,1,1,7,15,0,1,0.277584608
1/22/2018 7:30,22,1,1,7,30,0,1,0.2804242
1/22/2018 7:45,22,1,1,7,45,0,1,0.284770515
1/22/2018 8:00,22,1,1,8,0,0,1,0.296998146
1/22/2018 8:15,22,1,1,8,15,0,1,0.302155772
1/22/2018 8:30,22,1,1,8,30,0,1,0.292941586
1/22/2018 8:45,22,1,1,8,45,0,1,0.295607325
1/22/2018 9:00,22,1,1,9,0,0,1,0.300359295
1/22/2018 9:15,22,1,1,9,15,0,1,0.355122856
1/22/2018 9:30,22,1,1,9,30,0,1,0.399165508
1/22/2018 9:45,22,1,1,9,45,0,1,0.416666667
1/22/2018 10:00,22,1,1,10,0,0,1,0.288711173
1/22/2018 10:15,22,1,1,10,15,0,1,0.47160408
1/22/2018 10:30,22,1,1,10,30,0,1,0.481455726
1/22/2018 10:45,22,1,1,10,45,0,1,0.478326379
1/22/2018 11:00,22,1,1,11,0,0,1,0.517964766
1/22/2018 11:15,22,1,1,11,15,0,1,0.546012981
1/22/2018 11:30,22,1,1,11,30,0,1,0.544796013
1/22/2018 11:45,22,1,1,11,45,0,1,0.545607325
1/22/2018 12:00,22,1,1,12,0,0,1,0.530829856
1/22/2018 12:15,22,1,1,12,15,0,1,0.514024108
1/22/2018 12:30,22,1,1,12,30,0,1,0.519471488
1/22/2018 12:45,22,1,1,12,45,0,1,0.538479369
1/22/2018 13:00,22,1,1,13,0,0,1,0.522600834
1/22/2018 13:15,22,1,1,13,15,0,1,0.513444599
1/22/2018 13:30,22,1,1,13,30,0,1,0.506258693
1/22/2018 13:45,22,1,1,13,45,0,1,0.519935095
1/22/2018 14:00,22,1,1,14,0,0,1,0.565716273
1/22/2018 14:15,22,1,1,14,15,0,1,0.605702364
1/22/2018 14:30,22,1,1,14,30,0,1,0.613583681
1/22/2018 14:45,22,1,1,14,45,0,1,0.617756143
1/22/2018 15:00,22,1,1,15,0,0,1,0.652874363
1/22/2018 15:15,22,1,1,15,15,0,1,0.606629578
1/22/2018 15:30,22,1,1,15,30,0,1,0.62227631
1/22/2018 15:45,22,1,1,15,45,0,1,0.630621233
1/22/2018 16:00,22,1,1,16,0,0,1,0.641168289
1/22/2018 16:15,22,1,1,16,15,0,1,0.625869263
1/22/2018 16:30,22,1,1,16,30,0,1,0.635025498
1/22/2018 16:45,22,1,1,16,45,0,1,0.60674548
1/22/2018 17:00,22,1,1,17,0,0,1,0.609643023
1/22/2018 17:15,22,1,1,17,15,0,1,0.578233658
1/22/2018 17:30,22,1,1,17,30,0,1,0.578233658
1/22/2018 17:45,22,1,1,17,45,0,1,0.569656931
1/22/2018 18:00,22,1,1,18,0,0,1,0.549258229
1/22/2018 18:15,22,1,1,18,15,0,1,0.52433936
1/22/2018 18:30,22,1,1,18,30,0,1,0.50880853
1/22/2018 18:45,22,1,1,18,45,0,1,0.470908669
1/22/2018 19:00,22,1,1,19,0,0,1,0.461404729
1/22/2018 19:15,22,1,1,19,15,0,1,0.453059805
1/22/2018 19:30,22,1,1,19,30,0,1,0.445873899
1/22/2018 19:45,22,1,1,19,45,0,1,0.443324061
1/22/2018 20:00,22,1,1,20,0,0,1,0.426866018
1/22/2018 20:15,22,1,1,20,15,0,1,0.416666667
1/22/2018 20:30,22,1,1,20,30,0,1,0.409596662
1/22/2018 20:45,22,1,1,20,45,0,1,0.420723227
1/22/2018 21:00,22,1,1,21,0,0,1,0.418868799
1/22/2018 21:15,22,1,1,21,15,0,1,0.398470097
1/22/2018 21:30,22,1,1,21,30,0,1,0.406583217
1/22/2018 21:45,22,1,1,21,45,0,1,0.410176171
1/22/2018 22:00,22,1,1,22,0,0,1,0.3918637
1/22/2018 22:15,22,1,1,22,15,0,1,0.377491887
1/22/2018 22:30,22,1,1,22,30,0,1,0.371001391
1/22/2018 22:45,22,1,1,22,45,0,1,0.353963839
1/22/2018 23:00,22,1,1,23,0,0,1,0.334608252
1/22/2018 23:15,22,1,1,23,15,0,1,0.326263329
1/22/2018 23:30,22,1,1,23,30,0,1,0.334376449
1/22/2018 23:45,22,1,1,23,45,0,1,0.329624478
1/29/2018 0:00,29,1,1,0,0,0,1,0.303546592
1/29/2018 0:15,29,1,1,0,15,0,1,0.304357904
1/29/2018 0:30,29,1,1,0,30,0,1,0.287088549
1/29/2018 0:45,29,1,1,0,45,0,1,0.293463143
1/29/2018 1:00,29,1,1,1,0,0,1,0.283727399
1/29/2018 1:15,29,1,1,1,15,0,1,0.286740844
1/29/2018 1:30,29,1,1,1,30,0,1,0.281293463
1/29/2018 1:45,29,1,1,1,45,0,1,0.2770051
1/29/2018 2:00,29,1,1,2,0,0,1,0.284770515
1/29/2018 2:15,29,1,1,2,15,0,1,0.275498377
1/29/2018 2:30,29,1,1,2,30,0,1,0.278975429
1/29/2018 2:45,29,1,1,2,45,0,1,0.28106166
1/29/2018 3:00,29,1,1,3,0,0,1,0.278048215
1/29/2018 3:15,29,1,1,3,15,0,1,0.283379694
1/29/2018 3:30,29,1,1,3,30,0,1,0.269471488
1/29/2018 3:45,29,1,1,3,45,0,1,0.281409365
1/29/2018 4:00,29,1,1,4,0,0,1,0.271789522
1/29/2018 4:15,29,1,1,4,15,0,1,0.279554937
1/29/2018 4:30,29,1,1,4,30,0,1,0.268544274
1/29/2018 4:45,29,1,1,4,45,0,1,0.279439036
1/29/2018 5:00,29,1,1,5,0,0,1,0.275614279
1/29/2018 5:15,29,1,1,5,15,0,1,0.270398702
1/29/2018 5:30,29,1,1,5,30,0,1,0.272021326
1/29/2018 5:45,29,1,1,5,45,0,1,0.273064441
1/29/2018 6:00,29,1,1,6,0,0,1,0.271557719
1/29/2018 6:15,29,1,1,6,15,0,1,0.270166898
1/29/2018 6:30,29,1,1,6,30,0,1,0.273759852
1/29/2018 6:45,29,1,1,6,45,0,1,0.264951321
1/29/2018 7:00,29,1,1,7,0,0,1,0.26622624
1/29/2018 7:15,29,1,1,7,15,0,1,0.268080668
1/29/2018 7:30,29,1,1,7,30,0,1,0.272021326
1/29/2018 7:45,29,1,1,7,45,0,1,0.272137228
1/29/2018 8:00,29,1,1,8,0,0,1,0.280018544
1/29/2018 8:15,29,1,1,8,15,0,1,0.282800185
1/29/2018 8:30,29,1,1,8,30,0,1,0.277932313
1/29/2018 8:45,29,1,1,8,45,0,1,0.295665276
1/29/2018 9:00,29,1,1,9,0,0,1,0.320700046
1/29/2018 9:15,29,1,1,9,15,0,1,0.334608252
1/29/2018 9:30,29,1,1,9,30,0,1,0.365206305
1/29/2018 9:45,29,1,1,9,45,0,1,0.378071395
1/29/2018 10:00,29,1,1,10,0,0,1,0.401831247
1/29/2018 10:15,29,1,1,10,15,0,1,0.433356514
1/29/2018 10:30,29,1,1,10,30,0,1,0.458043579
1/29/2018 10:45,29,1,1,10,45,0,1,0.53650904
1/29/2018 11:00,29,1,1,11,0,0,1,0.502549838
1/29/2018 11:15,29,1,1,11,15,0,1,0.52097821
1/29/2018 11:30,29,1,1,11,30,0,1,0.515414928
1/29/2018 11:45,29,1,1,11,45,0,1,0.531641168
1/29/2018 12:00,29,1,1,12,0,0,1,0.549026426
1/29/2018 12:15,29,1,1,12,15,0,1,0.551460362
1/29/2018 12:30,29,1,1,12,30,0,1,0.53175707
1/29/2018 12:45,29,1,1,12,45,0,1,0.518660176
1/29/2018 13:00,29,1,1,13,0,0,1,0.519355586
1/29/2018 13:15,29,1,1,13,15,0,1,0.518776078
1/29/2018 13:30,29,1,1,13,30,0,1,0.495016226
1/29/2018 13:45,29,1,1,13,45,0,1,0.440426518
1/29/2018 14:00,29,1,1,14,0,0,1,0.439383403
1/29/2018 14:15,29,1,1,14,15,0,1,0.455957348
1/29/2018 14:30,29,1,1,14,30,0,1,0.476124247
1/29/2018 14:45,29,1,1,14,45,0,1,0.505331479
1/29/2018 15:00,29,1,1,15,0,0,1,0.525150672
1/29/2018 15:15,29,1,1,15,15,0,1,0.555980529
1/29/2018 15:30,29,1,1,15,30,0,1,0.614279091
1/29/2018 15:45,29,1,1,15,45,0,1,0.605006954
1/29/2018 16:00,29,1,1,16,0,0,1,0.598284655
1/29/2018 16:15,29,1,1,16,15,0,1,0.584724154
1/29/2018 16:30,29,1,1,16,30,0,1,0.581015299
1/29/2018 16:45,29,1,1,16,45,0,1,0.571395457
1/29/2018 17:00,29,1,1,17,0,0,1,0.568961521
1/29/2018 17:15,29,1,1,17,15,0,1,0.524571164
1/29/2018 17:30,29,1,1,17,30,0,1,0.332753825
1/29/2018 17:45,29,1,1,17,45,0,1,0.470097357
1/29/2018 18:00,29,1,1,18,0,0,1,0.458507186
1/29/2018 18:15,29,1,1,18,15,0,1,0.442396847
1/29/2018 18:30,29,1,1,18,30,0,1,0.427445526
1/29/2018 18:45,29,1,1,18,45,0,1,0.416666667
1/29/2018 19:00,29,1,1,19,0,0,1,0.419448308
1/29/2018 19:15,29,1,1,19,15,0,1,0.415739453
1/29/2018 19:30,29,1,1,19,30,0,1,0.416434863
1/29/2018 19:45,29,1,1,19,45,0,1,0.398585999
1/29/2018 20:00,29,1,1,20,0,0,1,0.400208623
1/29/2018 20:15,29,1,1,20,15,0,1,0.385489105
1/29/2018 20:30,29,1,1,20,30,0,1,0.342837274
1/29/2018 20:45,29,1,1,20,45,0,1,0.337273992
1/29/2018 21:00,29,1,1,21,0,0,1,0.334144645
1/29/2018 21:15,29,1,1,21,15,0,1,0.328465461
1/29/2018 21:30,29,1,1,21,30,0,1,0.320352341
1/29/2018 21:45,29,1,1,21,45,0,1,0.333449235
1/29/2018 22:00,29,1,1,22,0,0,1,0.329276773
1/29/2018 22:15,29,1,1,22,15,0,1,0.329508577
1/29/2018 22:30,29,1,1,22,30,0,1,0.329392675
1/29/2018 22:45,29,1,1,22,45,0,1,0.322902179
1/29/2018 23:00,29,1,1,23,0,0,1,0.323133982
1/29/2018 23:15,29,1,1,23,15,0,1,0.319656931
1/29/2018 23:30,29,1,1,23,30,0,1,0.309109875
1/29/2018 23:45,29,1,1,23,45,0,1,0.309689383
7/2/2018 0:00,183,7,1,0,0,0,3,0.369958275
7/2/2018 0:15,183,7,1,0,15,0,3,0.369958275
7/2/2018 0:30,183,7,1,0,30,0,3,0.343996291
7/2/2018 0:45,183,7,1,0,45,0,3,0.324524803
7/2/2018 1:00,183,7,1,1,0,0,3,0.322670376
7/2/2018 1:15,183,7,1,1,15,0,3,0.322670376
7/2/2018 1:30,183,7,1,1,30,0,3,0.318961521
7/2/2018 1:45,183,7,1,1,45,0,3,0.324524803
7/2/2018 2:00,183,7,1,2,0,0,3,0.319888734
7/2/2018 2:15,183,7,1,2,15,0,3,0.319888734
7/2/2018 2:30,183,7,1,2,30,0,3,0.317107093
7/2/2018 2:45,183,7,1,2,45,0,3,0.30876217
7/2/2018 3:00,183,7,1,3,0,0,3,0.315252666
7/2/2018 3:15,183,7,1,3,15,0,3,0.318034307
7/2/2018 3:30,183,7,1,3,30,0,3,0.305053315
7/2/2018 3:45,183,7,1,3,45,0,3,0.305980529
7/2/2018 4:00,183,7,1,4,0,0,3,0.307834956
7/2/2018 4:15,183,7,1,4,15,0,3,0.296708391
7/2/2018 4:30,183,7,1,4,30,0,3,0.289290682
7/2/2018 4:45,183,7,1,4,45,0,3,0.29392675
7/2/2018 5:00,183,7,1,5,0,0,3,0.291145109
7/2/2018 5:15,183,7,1,5,15,0,3,0.288363468
7/2/2018 5:30,183,7,1,5,30,0,3,0.283727399
7/2/2018 5:45,183,7,1,5,45,0,3,0.289290682
7/2/2018 6:00,183,7,1,6,0,0,3,0.289290682
7/2/2018 6:15,183,7,1,6,15,0,3,0.289290682
7/2/2018 6:30,183,7,1,6,30,0,3,0.280945758
7/2/2018 6:45,183,7,1,6,45,0,3,0.280945758
7/2/2018 7:00,183,7,1,7,0,0,3,0.280945758
7/2/2018 7:15,183,7,1,7,15,0,3,0.284654613
7/2/2018 7:30,183,7,1,7,30,0,3,0.284654613
7/2/2018 7:45,183,7,1,7,45,0,3,0.300417246
7/2/2018 8:00,183,7,1,8,0,0,3,0.305053315
7/2/2018 8:15,183,7,1,8,15,0,3,0.312471025
7/2/2018 8:30,183,7,1,8,30,0,3,0.318034307
7/2/2018 8:45,183,7,1,8,45,0,3,0.318034307
7/2/2018 9:00,183,7,1,9,0,0,3,0.343069077
7/2/2018 9:15,183,7,1,9,15,0,3,0.382939268
7/2/2018 9:30,183,7,1,9,30,0,3,0.414464534
7/2/2018 9:45,183,7,1,9,45,0,3,0.516458044
7/2/2018 10:00,183,7,1,10,0,0,3,0.66759388
7/2/2018 10:15,183,7,1,10,15,0,3,0.703755216
7/2/2018 10:30,183,7,1,10,30,0,3,0.703755216
7/2/2018 10:45,183,7,1,10,45,0,3,0.660176171
7/2/2018 11:00,183,7,1,11,0,0,3,0.661103384
7/2/2018 11:15,183,7,1,11,15,0,3,0.666666667
7/2/2018 11:30,183,7,1,11,30,0,3,0.64255911
7/2/2018 11:45,183,7,1,11,45,0,3,0.653685675
7/2/2018 12:00,183,7,1,12,0,0,3,0.640704682
7/2/2018 12:15,183,7,1,12,15,0,3,0.651831247
7/2/2018 12:30,183,7,1,12,30,0,3,0.651831247
7/2/2018 12:45,183,7,1,12,45,0,3,0.658321743
7/2/2018 13:00,183,7,1,13,0,0,3,0.634214186
7/2/2018 13:15,183,7,1,13,15,0,3,0.585071859
7/2/2018 13:30,183,7,1,13,30,0,3,0.573018081
7/2/2018 13:45,183,7,1,13,45,0,3,0.563745943
7/2/2018 14:00,183,7,1,14,0,0,3,0.565600371
7/2/2018 14:15,183,7,1,14,15,0,3,0.577654149
7/2/2018 14:30,183,7,1,14,30,0,3,0.60268892
7/2/2018 14:45,183,7,1,14,45,0,3,0.616597126
7/2/2018 15:00,183,7,1,15,0,0,3,0.612888271
7/2/2018 15:15,183,7,1,15,15,0,3,0.620305981
7/2/2018 15:30,183,7,1,15,30,0,3,0.613815484
7/2/2018 15:45,183,7,1,15,45,0,3,0.582290218
7/2/2018 16:00,183,7,1,16,0,0,3,0.592489569
7/2/2018 16:15,183,7,1,16,15,0,3,0.585071859
7/2/2018 16:30,183,7,1,16,30,0,3,0.579508577
7/2/2018 16:45,183,7,1,16,45,0,3,0.566527585
7/2/2018 17:00,183,7,1,17,0,0,3,0.560037089
7/2/2018 17:15,183,7,1,17,15,0,3,0.560964302
7/2/2018 17:30,183,7,1,17,30,0,3,0.560964302
7/2/2018 17:45,183,7,1,17,45,0,3,0.545201669
7/2/2018 18:00,183,7,1,18,0,0,3,0.520166898
7/2/2018 18:15,183,7,1,18,15,0,3,0.506258693
7/2/2018 18:30,183,7,1,18,30,0,3,0.505331479
7/2/2018 18:45,183,7,1,18,45,0,3,0.50811312
7/2/2018 19:00,183,7,1,19,0,0,3,0.517385257
7/2/2018 19:15,183,7,1,19,15,0,3,0.487714418
7/2/2018 19:30,183,7,1,19,30,0,3,0.472878999
7/2/2018 19:45,183,7,1,19,45,0,3,0.456189152
7/2/2018 20:00,183,7,1,20,0,0,3,0.42837274
7/2/2018 20:15,183,7,1,20,15,0,3,0.421882244
7/2/2018 20:30,183,7,1,20,30,0,3,0.408901252
7/2/2018 20:45,183,7,1,20,45,0,3,0.422809458
7/2/2018 21:00,183,7,1,21,0,0,3,0.418173389
7/2/2018 21:15,183,7,1,21,15,0,3,0.39592026
7/2/2018 21:30,183,7,1,21,30,0,3,0.390356977
7/2/2018 21:45,183,7,1,21,45,0,3,0.393138618
7/2/2018 22:00,183,7,1,22,0,0,3,0.394065832
7/2/2018 22:15,183,7,1,22,15,0,3,0.372739917
7/2/2018 22:30,183,7,1,22,30,0,3,0.364394993
7/2/2018 22:45,183,7,1,22,45,0,3,0.365322207
7/2/2018 23:00,183,7,1,23,0,0,3,0.371812703
7/2/2018 23:15,183,7,1,23,15,0,3,0.367176634
7/2/2018 23:30,183,7,1,23,30,0,3,0.367176634
7/2/2018 23:45,183,7,1,23,45,0,3,0.367176634
7/9/2018 0:00,190,7,1,0,0,0,3,0.330088085
7/9/2018 0:15,190,7,1,0,15,0,3,0.331942513
7/9/2018 0:30,190,7,1,0,30,0,3,0.328233658
7/9/2018 0:45,190,7,1,0,45,0,3,0.330088085
7/9/2018 1:00,190,7,1,1,0,0,3,0.339360223
7/9/2018 1:15,190,7,1,1,15,0,3,0.327306444
7/9/2018 1:30,190,7,1,1,30,0,3,0.321743162
7/9/2018 1:45,190,7,1,1,45,0,3,0.319888734
7/9/2018 2:00,190,7,1,2,0,0,3,0.327306444
7/9/2018 2:15,190,7,1,2,15,0,3,0.330088085
7/9/2018 2:30,190,7,1,2,30,0,3,0.329160872
7/9/2018 2:45,190,7,1,2,45,0,3,0.32637923
7/9/2018 3:00,190,7,1,3,0,0,3,0.32637923
7/9/2018 3:15,190,7,1,3,15,0,3,0.319888734
7/9/2018 3:30,190,7,1,3,30,0,3,0.328233658
7/9/2018 3:45,190,7,1,3,45,0,3,0.340287436
7/9/2018 4:00,190,7,1,4,0,0,3,0.352341215
7/9/2018 4:15,190,7,1,4,15,0,3,0.345850719
7/9/2018 4:30,190,7,1,4,30,0,3,0.33379694
7/9/2018 4:45,190,7,1,4,45,0,3,0.321743162
7/9/2018 5:00,190,7,1,5,0,0,3,0.315252666
7/9/2018 5:15,190,7,1,5,15,0,3,0.306907742
7/9/2018 5:30,190,7,1,5,30,0,3,0.325452017
7/9/2018 5:45,190,7,1,5,45,0,3,0.30876217
7/9/2018 6:00,190,7,1,6,0,0,3,0.310616597
7/9/2018 6:15,190,7,1,6,15,0,3,0.305980529
7/9/2018 6:30,190,7,1,6,30,0,3,0.312471025
7/9/2018 6:45,190,7,1,6,45,0,3,0.305980529
7/9/2018 7:00,190,7,1,7,0,0,3,0.312471025
7/9/2018 7:15,190,7,1,7,15,0,3,0.32637923
7/9/2018 7:30,190,7,1,7,30,0,3,0.338433009
7/9/2018 7:45,190,7,1,7,45,0,3,0.337505795
7/9/2018 8:00,190,7,1,8,0,0,3,0.325452017
7/9/2018 8:15,190,7,1,8,15,0,3,0.320815948
7/9/2018 8:30,190,7,1,8,30,0,3,0.325452017
7/9/2018 8:45,190,7,1,8,45,0,3,0.334724154
7/9/2018 9:00,190,7,1,9,0,0,3,0.343996291
7/9/2018 9:15,190,7,1,9,15,0,3,0.347705146
7/9/2018 9:30,190,7,1,9,30,0,3,0.358831711
7/9/2018 9:45,190,7,1,9,45,0,3,0.383866481
7/9/2018 10:00,190,7,1,10,0,0,3,0.415391748
7/9/2018 10:15,190,7,1,10,15,0,3,0.416318962
7/9/2018 10:30,190,7,1,10,30,0,3,0.280018544
7/9/2018 10:45,190,7,1,10,45,0,3,0.445989801
7/9/2018 11:00,190,7,1,11,0,0,3,0.477515067
7/9/2018 11:15,190,7,1,11,15,0,3,0.492350487
7/9/2018 11:30,190,7,1,11,30,0,3,0.491423273
7/9/2018 11:45,190,7,1,11,45,0,3,0.497913769
7/9/2018 12:00,190,7,1,12,0,0,3,0.514603616
7/9/2018 12:15,190,7,1,12,15,0,3,0.51553083
7/9/2018 12:30,190,7,1,12,30,0,3,0.520166898
7/9/2018 12:45,190,7,1,12,45,0,3,0.519239685
7/9/2018 13:00,190,7,1,13,0,0,3,0.519239685
7/9/2018 13:15,190,7,1,13,15,0,3,0.012980992
7/9/2018 13:30,190,7,1,13,30,0,3,0.266110338
7/9/2018 13:45,190,7,1,13,45,0,3,0.139545665
7/9/2018 14:00,190,7,1,14,0,0,3,0.202828002
7/9/2018 14:15,190,7,1,14,15,0,3,0.171186834
7/9/2018 14:30,190,7,1,14,30,0,3,0.187007418
7/9/2018 14:45,190,7,1,14,45,0,3,0.179097126
7/9/2018 15:00,190,7,1,15,0,0,3,0.183052272
7/9/2018 15:15,190,7,1,15,15,0,3,0.181074699
7/9/2018 15:30,190,7,1,15,30,0,3,0.182063485
7/9/2018 15:45,190,7,1,15,45,0,3,0.181569092
7/9/2018 16:00,190,7,1,16,0,0,3,0.181816289
7/9/2018 16:15,190,7,1,16,15,0,3,0.18169269
7/9/2018 16:30,190,7,1,16,30,0,3,0.181754489
7/9/2018 16:45,190,7,1,16,45,0,3,0.18172359
7/9/2018 17:00,190,7,1,17,0,0,3,0.18173904
7/9/2018 17:15,190,7,1,17,15,0,3,0.102459691
7/9/2018 17:30,190,7,1,17,30,0,3,0.023180343
7/9/2018 17:45,190,7,1,17,45,0,3,0.461752434
7/9/2018 18:00,190,7,1,18,0,0,3,0.446917014
7/9/2018 18:15,190,7,1,18,15,0,3,0.431154381
7/9/2018 18:30,190,7,1,18,30,0,3,0.41353732
7/9/2018 18:45,190,7,1,18,45,0,3,0.402410756
7/9/2018 19:00,190,7,1,19,0,0,3,0.402410756
7/9/2018 19:15,190,7,1,19,15,0,3,0.222531293
7/9/2018 19:30,190,7,1,19,30,0,3,0.404265183
7/9/2018 19:45,190,7,1,19,45,0,3,0.397774687
7/9/2018 20:00,190,7,1,20,0,0,3,0.372739917
7/9/2018 20:15,190,7,1,20,15,0,3,0.385257302
7/9/2018 20:30,190,7,1,20,30,0,3,0.378998609
7/9/2018 20:45,190,7,1,20,45,0,3,0.382127955
7/9/2018 21:00,190,7,1,21,0,0,3,0.380563282
7/9/2018 21:15,190,7,1,21,15,0,3,0.381345619
7/9/2018 21:30,190,7,1,21,30,0,3,0.380954451
7/9/2018 21:45,190,7,1,21,45,0,3,0.381150035
7/9/2018 22:00,190,7,1,22,0,0,3,0.381052243
7/9/2018 22:15,190,7,1,22,15,0,3,0.381101139
7/9/2018 22:30,190,7,1,22,30,0,3,0.381076691
7/9/2018 22:45,190,7,1,22,45,0,3,0.381088915
7/9/2018 23:00,190,7,1,23,0,0,3,0.381082803
7/9/2018 23:15,190,7,1,23,15,0,3,0.381085859
7/9/2018 23:30,190,7,1,23,30,0,3,0.381084331
7/9/2018 23:45,190,7,1,23,45,0,3,0.381085095
7/16/2018 0:00,197,7,1,0,0,0,3,0.352341215
7/16/2018 0:15,197,7,1,0,15,0,3,0.352341215
7/16/2018 0:30,197,7,1,0,30,0,3,0.354195642
7/16/2018 0:45,197,7,1,0,45,0,3,0.349559573
7/16/2018 1:00,197,7,1,1,0,0,3,0.352341215
7/16/2018 1:15,197,7,1,1,15,0,3,0.353268428
7/16/2018 1:30,197,7,1,1,30,0,3,0.359758924
7/16/2018 1:45,197,7,1,1,45,0,3,0.351414001
7/16/2018 2:00,197,7,1,2,0,0,3,0.352341215
7/16/2018 2:15,197,7,1,2,15,0,3,0.344923505
7/16/2018 2:30,197,7,1,2,30,0,3,0.344923505
7/16/2018 2:45,197,7,1,2,45,0,3,0.339360223
7/16/2018 3:00,197,7,1,3,0,0,3,0.346777932
7/16/2018 3:15,197,7,1,3,15,0,3,0.34863236
7/16/2018 3:30,197,7,1,3,30,0,3,0.343996291
7/16/2018 3:45,197,7,1,3,45,0,3,0.355122856
7/16/2018 4:00,197,7,1,4,0,0,3,0.336578581
7/16/2018 4:15,197,7,1,4,15,0,3,0.313398238
7/16/2018 4:30,197,7,1,4,30,0,3,0.30876217
7/16/2018 4:45,197,7,1,4,45,0,3,0.312471025
7/16/2018 5:00,197,7,1,5,0,0,3,0.311543811
7/16/2018 5:15,197,7,1,5,15,0,3,0.311543811
7/16/2018 5:30,197,7,1,5,30,0,3,0.307834956
7/16/2018 5:45,197,7,1,5,45,0,3,0.305980529
7/16/2018 6:00,197,7,1,6,0,0,3,0.307834956
7/16/2018 6:15,197,7,1,6,15,0,3,0.304126101
7/16/2018 6:30,197,7,1,6,30,0,3,0.296708391
7/16/2018 6:45,197,7,1,6,45,0,3,0.300417246
7/16/2018 7:00,197,7,1,7,0,0,3,0.302271674
7/16/2018 7:15,197,7,1,7,15,0,3,0.307834956
7/16/2018 7:30,197,7,1,7,30,0,3,0.310616597
7/16/2018 7:45,197,7,1,7,45,0,3,0.313398238
7/16/2018 8:00,197,7,1,8,0,0,3,0.321743162
7/16/2018 8:15,197,7,1,8,15,0,3,0.363467779
7/16/2018 8:30,197,7,1,8,30,0,3,0.38850255
7/16/2018 8:45,197,7,1,8,45,0,3,0.41353732
7/16/2018 9:00,197,7,1,9,0,0,3,0.472878999
7/16/2018 9:15,197,7,1,9,15,0,3,0.123319425
7/16/2018 9:30,197,7,1,9,30,0,3,0.471951785
7/16/2018 9:45,197,7,1,9,45,0,3,0.521094112
7/16/2018 10:00,197,7,1,10,0,0,3,0.538711173
7/16/2018 10:15,197,7,1,10,15,0,3,0.558182661
7/16/2018 10:30,197,7,1,10,30,0,3,0.619378767
7/16/2018 10:45,197,7,1,10,45,0,3,0.664812239
7/16/2018 11:00,197,7,1,11,0,0,3,0.668521094
7/16/2018 11:15,197,7,1,11,15,0,3,0.69726472
7/16/2018 11:30,197,7,1,11,30,0,3,0.681502086
7/16/2018 11:45,197,7,1,11,45,0,3,0.683356514
7/16/2018 12:00,197,7,1,12,0,0,3,0.675938804
7/16/2018 12:15,197,7,1,12,15,0,3,0.644413537
7/16/2018 12:30,197,7,1,12,30,0,3,0.643486324
7/16/2018 12:45,197,7,1,12,45,0,3,0.631432545
7/16/2018 13:00,197,7,1,13,0,0,3,0.605470561
7/16/2018 13:15,197,7,1,13,15,0,3,0.591562355
7/16/2018 13:30,197,7,1,13,30,0,3,0.573945294
7/16/2018 13:45,197,7,1,13,45,0,3,0.605470561
7/16/2018 14:00,197,7,1,14,0,0,3,0.604543347
7/16/2018 14:15,197,7,1,14,15,0,3,0.607324988
7/16/2018 14:30,197,7,1,14,30,0,3,0.622160408
7/16/2018 14:45,197,7,1,14,45,0,3,0.613815484
7/16/2018 15:00,197,7,1,15,0,0,3,0.584144645
7/16/2018 15:15,197,7,1,15,15,0,3,0.575799722
7/16/2018 15:30,197,7,1,15,30,0,3,0.571163653
7/16/2018 15:45,197,7,1,15,45,0,3,0.565600371
7/16/2018 16:00,197,7,1,16,0,0,3,0.564673157
7/16/2018 16:15,197,7,1,16,15,0,3,0.550764951
7/16/2018 16:30,197,7,1,16,30,0,3,0.533147891
7/16/2018 16:45,197,7,1,16,45,0,3,0.541492814
7/16/2018 17:00,197,7,1,17,0,0,3,0.522021326
7/16/2018 17:15,197,7,1,17,15,0,3,0.522021326
7/16/2018 17:30,197,7,1,17,30,0,3,0.513676402
7/16/2018 17:45,197,7,1,17,45,0,3,0.340287436
7/16/2018 18:00,197,7,1,18,0,0,3,0.511821975
7/16/2018 18:15,197,7,1,18,15,0,3,0.50811312
7/16/2018 18:30,197,7,1,18,30,0,3,0.469170144
7/16/2018 18:45,197,7,1,18,45,0,3,0.458970793
7/16/2018 19:00,197,7,1,19,0,0,3,0.466388503
7/16/2018 19:15,197,7,1,19,15,0,3,0.46824293
7/16/2018 19:30,197,7,1,19,30,0,3,0.445989801
7/16/2018 19:45,197,7,1,19,45,0,3,0.419100603
7/16/2018 20:00,197,7,1,20,0,0,3,0.402410756
7/16/2018 20:15,197,7,1,20,15,0,3,0.398701901
7/16/2018 20:30,197,7,1,20,30,0,3,0.390356977
7/16/2018 20:45,197,7,1,20,45,0,3,0.384793695
7/16/2018 21:00,197,7,1,21,0,0,3,0.380157626
7/16/2018 21:15,197,7,1,21,15,0,3,0.38108484
7/16/2018 21:30,197,7,1,21,30,0,3,0.383866481
7/16/2018 21:45,197,7,1,21,45,0,3,0.383866481
7/16/2018 22:00,197,7,1,22,0,0,3,0.386648122
7/16/2018 22:15,197,7,1,22,15,0,3,0.378303199
7/16/2018 22:30,197,7,1,22,30,0,3,0.389429764
7/16/2018 22:45,197,7,1,22,45,0,3,0.398701901
7/16/2018 23:00,197,7,1,23,0,0,3,0.387575336
7/16/2018 23:15,197,7,1,23,15,0,3,0.389429764
7/16/2018 23:30,197,7,1,23,30,0,3,0.38108484
7/16/2018 23:45,197,7,1,23,45,0,3,0.379230413
7/23/2018 0:00,204,7,1,0,0,0,3,0.355122856
7/23/2018 0:15,204,7,1,0,15,0,3,0.349559573
7/23/2018 0:30,204,7,1,0,30,0,3,0.346777932
7/23/2018 0:45,204,7,1,0,45,0,3,0.344923505
7/23/2018 1:00,204,7,1,1,0,0,3,0.338433009
7/23/2018 1:15,204,7,1,1,15,0,3,0.343996291
7/23/2018 1:30,204,7,1,1,30,0,3,0.342141864
7/23/2018 1:45,204,7,1,1,45,0,3,0.337505795
7/23/2018 2:00,204,7,1,2,0,0,3,0.342141864
7/23/2018 2:15,204,7,1,2,15,0,3,0.330088085
7/23/2018 2:30,204,7,1,2,30,0,3,0.322670376
7/23/2018 2:45,204,7,1,2,45,0,3,0.317107093
7/23/2018 3:00,204,7,1,3,0,0,3,0.316179879
7/23/2018 3:15,204,7,1,3,15,0,3,0.315252666
7/23/2018 3:30,204,7,1,3,30,0,3,0.310616597
7/23/2018 3:45,204,7,1,3,45,0,3,0.314325452
7/23/2018 4:00,204,7,1,4,0,0,3,0.309689383
7/23/2018 4:15,204,7,1,4,15,0,3,0.311543811
7/23/2018 4:30,204,7,1,4,30,0,3,0.307834956
7/23/2018 4:45,204,7,1,4,45,0,3,0.306907742
7/23/2018 5:00,204,7,1,5,0,0,3,0.305980529
7/23/2018 5:15,204,7,1,5,15,0,3,0.30134446
7/23/2018 5:30,204,7,1,5,30,0,3,0.305053315
7/23/2018 5:45,204,7,1,5,45,0,3,0.30134446
7/23/2018 6:00,204,7,1,6,0,0,3,0.300417246
7/23/2018 6:15,204,7,1,6,15,0,3,0.298562819
7/23/2018 6:30,204,7,1,6,30,0,3,0.299490032
7/23/2018 6:45,204,7,1,6,45,0,3,0.299490032
7/23/2018 7:00,204,7,1,7,0,0,3,0.297635605
7/23/2018 7:15,204,7,1,7,15,0,3,0.304126101
7/23/2018 7:30,204,7,1,7,30,0,3,0.311543811
7/23/2018 7:45,204,7,1,7,45,0,3,0.319888734
7/23/2018 8:00,204,7,1,8,0,0,3,0.335651368
7/23/2018 8:15,204,7,1,8,15,0,3,0.394993046
7/23/2018 8:30,204,7,1,8,30,0,3,0.42837274
7/23/2018 8:45,204,7,1,8,45,0,3,0.430227167
7/23/2018 9:00,204,7,1,9,0,0,3,0.431154381
7/23/2018 9:15,204,7,1,9,15,0,3,0.5405656
7/23/2018 9:30,204,7,1,9,30,0,3,0.554473806
7/23/2018 9:45,204,7,1,9,45,0,3,0.518312471
7/23/2018 10:00,204,7,1,10,0,0,3,0.530366249
7/23/2018 10:15,204,7,1,10,15,0,3,0.565600371
7/23/2018 10:30,204,7,1,10,30,0,3,0.593416783
7/23/2018 10:45,204,7,1,10,45,0,3,0.604543347
7/23/2018 11:00,204,7,1,11,0,0,3,0.599907279
7/23/2018 11:15,204,7,1,11,15,0,3,0.600834492
7/23/2018 11:30,204,7,1,11,30,0,3,0.616597126
7/23/2018 11:45,204,7,1,11,45,0,3,0.606397775
7/23/2018 12:00,204,7,1,12,0,0,3,0.606397775
7/23/2018 12:15,204,7,1,12,15,0,3,0.575799722
7/23/2018 12:30,204,7,1,12,30,0,3,0.583217432
7/23/2018 12:45,204,7,1,12,45,0,3,0.566527585
7/23/2018 13:00,204,7,1,13,0,0,3,0.54798331
7/23/2018 13:15,204,7,1,13,15,0,3,0.548910524
7/23/2018 13:30,204,7,1,13,30,0,3,0.554473806
7/23/2018 13:45,204,7,1,13,45,0,3,0.574872508
7/23/2018 14:00,204,7,1,14,0,0,3,0.573945294
7/23/2018 14:15,204,7,1,14,15,0,3,0.588780714
7/23/2018 14:30,204,7,1,14,30,0,3,0.614742698
7/23/2018 14:45,204,7,1,14,45,0,3,0.615669912
7/23/2018 15:00,204,7,1,15,0,0,3,0.616597126
7/23/2018 15:15,204,7,1,15,15,0,3,0.609179416
7/23/2018 15:30,204,7,1,15,30,0,3,0.620305981
7/23/2018 15:45,204,7,1,15,45,0,3,0.616597126
7/23/2018 16:00,204,7,1,16,0,0,3,0.586926287
7/23/2018 16:15,204,7,1,16,15,0,3,0.611033843
7/23/2018 16:30,204,7,1,16,30,0,3,0.643486324
7/23/2018 16:45,204,7,1,16,45,0,3,0.614742698
7/23/2018 17:00,204,7,1,17,0,0,3,0.612888271
7/23/2018 17:15,204,7,1,17,15,0,3,0.59527121
7/23/2018 17:30,204,7,1,17,30,0,3,0.573945294
7/23/2018 17:45,204,7,1,17,45,0,3,0.553546592
7/23/2018 18:00,204,7,1,18,0,0,3,0.546128883
7/23/2018 18:15,204,7,1,18,15,0,3,0.541492814
7/23/2018 18:30,204,7,1,18,30,0,3,0.538711173
7/23/2018 18:45,204,7,1,18,45,0,3,0.501622624
7/23/2018 19:00,204,7,1,19,0,0,3,0.484932777
7/23/2018 19:15,204,7,1,19,15,0,3,0.461752434
7/23/2018 19:30,204,7,1,19,30,0,3,0.448771442
7/23/2018 19:45,204,7,1,19,45,0,3,0.399629115
7/23/2018 20:00,204,7,1,20,0,0,3,0.07232267
7/23/2018 20:15,204,7,1,20,15,0,3,0.41353732
7/23/2018 20:30,204,7,1,20,30,0,3,0.399629115
7/23/2018 20:45,204,7,1,20,45,0,3,0.391284191
7/23/2018 21:00,204,7,1,21,0,0,3,0.394065832
7/23/2018 21:15,204,7,1,21,15,0,3,0.386648122
7/23/2018 21:30,204,7,1,21,30,0,3,0.390356977
7/23/2018 21:45,204,7,1,21,45,0,3,0.387575336
7/23/2018 22:00,204,7,1,22,0,0,3,0.405192397
7/23/2018 22:15,204,7,1,22,15,0,3,0.410755679
7/23/2018 22:30,204,7,1,22,30,0,3,0.411682893
7/23/2018 22:45,204,7,1,22,45,0,3,0.420027816
7/23/2018 23:00,204,7,1,23,0,0,3,0.420027816
7/23/2018 23:15,204,7,1,23,15,0,3,0.41353732
7/23/2018 23:30,204,7,1,23,30,0,3,0.401483542
7/23/2018 23:45,204,7,1,23,45,0,3,0.394993046
7/30/2018 0:00,211,7,1,0,0,0,3,0.392211405
7/30/2018 0:15,211,7,1,0,15,0,3,0.382012054
7/30/2018 0:30,211,7,1,0,30,0,3,0.380157626
7/30/2018 0:45,211,7,1,0,45,0,3,0.377375985
7/30/2018 1:00,211,7,1,1,0,0,3,0.382939268
7/30/2018 1:15,211,7,1,1,15,0,3,0.380157626
7/30/2018 1:30,211,7,1,1,30,0,3,0.382939268
7/30/2018 1:45,211,7,1,1,45,0,3,0.379230413
7/30/2018 2:00,211,7,1,2,0,0,3,0.375521558
7/30/2018 2:15,211,7,1,2,15,0,3,0.374594344
7/30/2018 2:30,211,7,1,2,30,0,3,0.369958275
7/30/2018 2:45,211,7,1,2,45,0,3,0.363467779
7/30/2018 3:00,211,7,1,3,0,0,3,0.361613352
7/30/2018 3:15,211,7,1,3,15,0,3,0.358831711
7/30/2018 3:30,211,7,1,3,30,0,3,0.356977283
7/30/2018 3:45,211,7,1,3,45,0,3,0.358831711
7/30/2018 4:00,211,7,1,4,0,0,3,0.362540566
7/30/2018 4:15,211,7,1,4,15,0,3,0.358831711
7/30/2018 4:30,211,7,1,4,30,0,3,0.354195642
7/30/2018 4:45,211,7,1,4,45,0,3,0.354195642
7/30/2018 5:00,211,7,1,5,0,0,3,0.355122856
7/30/2018 5:15,211,7,1,5,15,0,3,0.355122856
7/30/2018 5:30,211,7,1,5,30,0,3,0.351414001
7/30/2018 5:45,211,7,1,5,45,0,3,0.34863236
7/30/2018 6:00,211,7,1,6,0,0,3,0.355122856
7/30/2018 6:15,211,7,1,6,15,0,3,0.35605007
7/30/2018 6:30,211,7,1,6,30,0,3,0.34863236
7/30/2018 6:45,211,7,1,6,45,0,3,0.344923505
7/30/2018 7:00,211,7,1,7,0,0,3,0.324524803
7/30/2018 7:15,211,7,1,7,15,0,3,0.318961521
7/30/2018 7:30,211,7,1,7,30,0,3,0.32637923
7/30/2018 7:45,211,7,1,7,45,0,3,0.336578581
7/30/2018 8:00,211,7,1,8,0,0,3,0.343069077
7/30/2018 8:15,211,7,1,8,15,0,3,0.343069077
7/30/2018 8:30,211,7,1,8,30,0,3,0.361613352
7/30/2018 8:45,211,7,1,8,45,0,3,0.362540566
7/30/2018 9:00,211,7,1,9,0,0,3,0.374594344
7/30/2018 9:15,211,7,1,9,15,0,3,0.389429764
7/30/2018 9:30,211,7,1,9,30,0,3,0.472878999
7/30/2018 9:45,211,7,1,9,45,0,3,0.622160408
7/30/2018 10:00,211,7,1,10,0,0,3,0.655540102
7/30/2018 10:15,211,7,1,10,15,0,3,0.664812239
7/30/2018 10:30,211,7,1,10,30,0,3,0.687065369
7/30/2018 10:45,211,7,1,10,45,0,3,0.686138155
7/30/2018 11:00,211,7,1,11,0,0,3,0.67501159
7/30/2018 11:15,211,7,1,11,15,0,3,0.675938804
7/30/2018 11:30,211,7,1,11,30,0,3,0.709318498
7/30/2018 11:45,211,7,1,11,45,0,3,0.694483078
7/30/2018 12:00,211,7,1,12,0,0,3,0.676866018
7/30/2018 12:15,211,7,1,12,15,0,3,0.679647659
7/30/2018 12:30,211,7,1,12,30,0,3,0.664812239
7/30/2018 12:45,211,7,1,12,45,0,3,0.660176171
7/30/2018 13:00,211,7,1,13,0,0,3,0.660176171
7/30/2018 13:15,211,7,1,13,15,0,3,0.656467316
7/30/2018 13:30,211,7,1,13,30,0,3,0.640704682
7/30/2018 13:45,211,7,1,13,45,0,3,0.652758461
7/30/2018 14:00,211,7,1,14,0,0,3,0.659248957
7/30/2018 14:15,211,7,1,14,15,0,3,0.677793231
7/30/2018 14:30,211,7,1,14,30,0,3,0.681502086
7/30/2018 14:45,211,7,1,14,45,0,3,0.687992582
7/30/2018 15:00,211,7,1,15,0,0,3,0.704682429
7/30/2018 15:15,211,7,1,15,15,0,3,0.686138155
7/30/2018 15:30,211,7,1,15,30,0,3,0.676866018
7/30/2018 15:45,211,7,1,15,45,0,3,0.668521094
7/30/2018 16:00,211,7,1,16,0,0,3,0.675938804
7/30/2018 16:15,211,7,1,16,15,0,3,0.677793231
7/30/2018 16:30,211,7,1,16,30,0,3,0.654612888
7/30/2018 16:45,211,7,1,16,45,0,3,0.634214186
7/30/2018 17:00,211,7,1,17,0,0,3,0.617524339
7/30/2018 17:15,211,7,1,17,15,0,3,0.632359759
7/30/2018 17:30,211,7,1,17,30,0,3,0.629578118
7/30/2018 17:45,211,7,1,17,45,0,3,0.589707928
7/30/2018 18:00,211,7,1,18,0,0,3,0.538711173
7/30/2018 18:15,211,7,1,18,15,0,3,0.54798331
7/30/2018 18:30,211,7,1,18,30,0,3,0.550764951
7/30/2018 18:45,211,7,1,18,45,0,3,0.541492814
7/30/2018 19:00,211,7,1,19,0,0,3,0.545201669
7/30/2018 19:15,211,7,1,19,15,0,3,0.524802967
7/30/2018 19:30,211,7,1,19,30,0,3,0.497913769
7/30/2018 19:45,211,7,1,19,45,0,3,0.486787204
7/30/2018 20:00,211,7,1,20,0,0,3,0.493277701
7/30/2018 20:15,211,7,1,20,15,0,3,0.485859991
7/30/2018 20:30,211,7,1,20,30,0,3,0.459898006
7/30/2018 20:45,211,7,1,20,45,0,3,0.447844228
7/30/2018 21:00,211,7,1,21,0,0,3,0.420027816
7/30/2018 21:15,211,7,1,21,15,0,3,0.426518312
7/30/2018 21:30,211,7,1,21,30,0,3,0.430227167
7/30/2018 21:45,211,7,1,21,45,0,3,0.419100603
7/30/2018 22:00,211,7,1,22,0,0,3,0.431154381
7/30/2018 22:15,211,7,1,22,15,0,3,0.420027816
7/30/2018 22:30,211,7,1,22,30,0,3,0.42095503
7/30/2018 22:45,211,7,1,22,45,0,3,0.433008809
7/30/2018 23:00,211,7,1,23,0,0,3,0.433008809
7/30/2018 23:15,211,7,1,23,15,0,3,0.427445526
7/30/2018 23:30,211,7,1,23,30,0,3,0.424663885
7/30/2018 23:45,211,7,1,23,45,0,3,0.411682893
8/6/2018 0:00,218,8,1,0,0,0,3,0.385720909
8/6/2018 0:15,218,8,1,0,15,0,3,0.380157626
8/6/2018 0:30,218,8,1,0,30,0,3,0.379230413
8/6/2018 0:45,218,8,1,0,45,0,3,0.37366713
8/6/2018 1:00,218,8,1,1,0,0,3,0.370885489
8/6/2018 1:15,218,8,1,1,15,0,3,0.369031062
8/6/2018 1:30,218,8,1,1,30,0,3,0.369031062
8/6/2018 1:45,218,8,1,1,45,0,3,0.378303199
8/6/2018 2:00,218,8,1,2,0,0,3,0.36624942
8/6/2018 2:15,218,8,1,2,15,0,3,0.359758924
8/6/2018 2:30,218,8,1,2,30,0,3,0.358831711
8/6/2018 2:45,218,8,1,2,45,0,3,0.35605007
8/6/2018 3:00,218,8,1,3,0,0,3,0.356977283
8/6/2018 3:15,218,8,1,3,15,0,3,0.356977283
8/6/2018 3:30,218,8,1,3,30,0,3,0.332869726
8/6/2018 3:45,218,8,1,3,45,0,3,0.321743162
8/6/2018 4:00,218,8,1,4,0,0,3,0.318034307
8/6/2018 4:15,218,8,1,4,15,0,3,0.311543811
8/6/2018 4:30,218,8,1,4,30,0,3,0.311543811
8/6/2018 4:45,218,8,1,4,45,0,3,0.311543811
8/6/2018 5:00,218,8,1,5,0,0,3,0.310616597
8/6/2018 5:15,218,8,1,5,15,0,3,0.312471025
8/6/2018 5:30,218,8,1,5,30,0,3,0.30876217
8/6/2018 5:45,218,8,1,5,45,0,3,0.305053315
8/6/2018 6:00,218,8,1,6,0,0,3,0.305980529
8/6/2018 6:15,218,8,1,6,15,0,3,0.30134446
8/6/2018 6:30,218,8,1,6,30,0,3,0.294853964
8/6/2018 6:45,218,8,1,6,45,0,3,0.292999536
8/6/2018 7:00,218,8,1,7,0,0,3,0.294853964
8/6/2018 7:15,218,8,1,7,15,0,3,0.292072323
8/6/2018 7:30,218,8,1,7,30,0,3,0.30876217
8/6/2018 7:45,218,8,1,7,45,0,3,0.317107093
8/6/2018 8:00,218,8,1,8,0,0,3,0.318034307
8/6/2018 8:15,218,8,1,8,15,0,3,0.331015299
8/6/2018 8:30,218,8,1,8,30,0,3,0.370885489
8/6/2018 8:45,218,8,1,8,45,0,3,0.430227167
8/6/2018 9:00,218,8,1,9,0,0,3,0.423736671
8/6/2018 9:15,218,8,1,9,15,0,3,0.439499305
8/6/2018 9:30,218,8,1,9,30,0,3,0.445062587
8/6/2018 9:45,218,8,1,9,45,0,3,0.491423273
8/6/2018 10:00,218,8,1,10,0,0,3,0.616597126
8/6/2018 10:15,218,8,1,10,15,0,3,0.618451553
8/6/2018 10:30,218,8,1,10,30,0,3,0.634214186
8/6/2018 10:45,218,8,1,10,45,0,3,0.6824293
8/6/2018 11:00,218,8,1,11,0,0,3,0.700973574
8/6/2018 11:15,218,8,1,11,15,0,3,0.668521094
8/6/2018 11:30,218,8,1,11,30,0,3,0.660176171
8/6/2018 11:45,218,8,1,11,45,0,3,0.644413537
8/6/2018 12:00,218,8,1,12,0,0,3,0.626796477
8/6/2018 12:15,218,8,1,12,15,0,3,0.605470561
8/6/2018 12:30,218,8,1,12,30,0,3,0.600834492
8/6/2018 12:45,218,8,1,12,45,0,3,0.599907279
8/6/2018 13:00,218,8,1,13,0,0,3,0.596198424
8/6/2018 13:15,218,8,1,13,15,0,3,0.582290218
8/6/2018 13:30,218,8,1,13,30,0,3,0.604543347
8/6/2018 13:45,218,8,1,13,45,0,3,0.659248957
8/6/2018 14:00,218,8,1,14,0,0,3,0.669448308
8/6/2018 14:15,218,8,1,14,15,0,3,0.655540102
8/6/2018 14:30,218,8,1,14,30,0,3,0.645340751
8/6/2018 14:45,218,8,1,14,45,0,3,0.6824293
8/6/2018 15:00,218,8,1,15,0,0,3,0.69726472
8/6/2018 15:15,218,8,1,15,15,0,3,0.67501159
8/6/2018 15:30,218,8,1,15,30,0,3,0.6351414
8/6/2018 15:45,218,8,1,15,45,0,3,0.624014835
8/6/2018 16:00,218,8,1,16,0,0,3,0.620305981
8/6/2018 16:15,218,8,1,16,15,0,3,0.629578118
8/6/2018 16:30,218,8,1,16,30,0,3,0.619378767
8/6/2018 16:45,218,8,1,16,45,0,3,0.606397775
8/6/2018 17:00,218,8,1,17,0,0,3,0.596198424
8/6/2018 17:15,218,8,1,17,15,0,3,0.600834492
8/6/2018 17:30,218,8,1,17,30,0,3,0.596198424
8/6/2018 17:45,218,8,1,17,45,0,3,0.586926287
8/6/2018 18:00,218,8,1,18,0,0,3,0.563745943
8/6/2018 18:15,218,8,1,18,15,0,3,0.568382012
8/6/2018 18:30,218,8,1,18,30,0,3,0.556328234
8/6/2018 18:45,218,8,1,18,45,0,3,0.549837738
8/6/2018 19:00,218,8,1,19,0,0,3,0.544274455
8/6/2018 19:15,218,8,1,19,15,0,3,0.512749189
8/6/2018 19:30,218,8,1,19,30,0,3,0.50069541
8/6/2018 19:45,218,8,1,19,45,0,3,0.495132128
8/6/2018 20:00,218,8,1,20,0,0,3,0.484005563
8/6/2018 20:15,218,8,1,20,15,0,3,0.472878999
8/6/2018 20:30,218,8,1,20,30,0,3,0.471951785
8/6/2018 20:45,218,8,1,20,45,0,3,0.464534075
8/6/2018 21:00,218,8,1,21,0,0,3,0.445989801
8/6/2018 21:15,218,8,1,21,15,0,3,0.431154381
8/6/2018 21:30,218,8,1,21,30,0,3,0.412610107
8/6/2018 21:45,218,8,1,21,45,0,3,0.405192397
8/6/2018 22:00,218,8,1,22,0,0,3,0.402410756
8/6/2018 22:15,218,8,1,22,15,0,3,0.405192397
8/6/2018 22:30,218,8,1,22,30,0,3,0.402410756
8/6/2018 22:45,218,8,1,22,45,0,3,0.408901252
8/6/2018 23:00,218,8,1,23,0,0,3,0.408901252
8/6/2018 23:15,218,8,1,23,15,0,3,0.41353732
8/6/2018 23:30,218,8,1,23,30,0,3,0.425591099
8/6/2018 23:45,218,8,1,23,45,0,3,0.420027816
8/13/2018 0:00,225,8,1,0,0,0,3,0.344923505
8/13/2018 0:15,225,8,1,0,15,0,3,0.353268428
8/13/2018 0:30,225,8,1,0,30,0,3,0.353268428
8/13/2018 0:45,225,8,1,0,45,0,3,0.36624942
8/13/2018 1:00,225,8,1,1,0,0,3,0.367176634
8/13/2018 1:15,225,8,1,1,15,0,3,0.361613352
8/13/2018 1:30,225,8,1,1,30,0,3,0.35605007
8/13/2018 1:45,225,8,1,1,45,0,3,0.336578581
8/13/2018 2:00,225,8,1,2,0,0,3,0.329160872
8/13/2018 2:15,225,8,1,2,15,0,3,0.321743162
8/13/2018 2:30,225,8,1,2,30,0,3,0.322670376
8/13/2018 2:45,225,8,1,2,45,0,3,0.32637923
8/13/2018 3:00,225,8,1,3,0,0,3,0.318961521
8/13/2018 3:15,225,8,1,3,15,0,3,0.302271674
8/13/2018 3:30,225,8,1,3,30,0,3,0.305980529
8/13/2018 3:45,225,8,1,3,45,0,3,0.305053315
8/13/2018 4:00,225,8,1,4,0,0,3,0.303198887
8/13/2018 4:15,225,8,1,4,15,0,3,0.303198887
8/13/2018 4:30,225,8,1,4,30,0,3,0.306907742
8/13/2018 4:45,225,8,1,4,45,0,3,0.303198887
8/13/2018 5:00,225,8,1,5,0,0,3,0.30134446
8/13/2018 5:15,225,8,1,5,15,0,3,0.303198887
8/13/2018 5:30,225,8,1,5,30,0,3,0.30134446
8/13/2018 5:45,225,8,1,5,45,0,3,0.29392675
8/13/2018 6:00,225,8,1,6,0,0,3,0.297635605
8/13/2018 6:15,225,8,1,6,15,0,3,0.313398238
8/13/2018 6:30,225,8,1,6,30,0,3,0.316179879
8/13/2018 6:45,225,8,1,6,45,0,3,0.310616597
8/13/2018 7:00,225,8,1,7,0,0,3,0.309689383
8/13/2018 7:15,225,8,1,7,15,0,3,0.30134446
8/13/2018 7:30,225,8,1,7,30,0,3,0.306907742
8/13/2018 7:45,225,8,1,7,45,0,3,0.302271674
8/13/2018 8:00,225,8,1,8,0,0,3,0.307834956
8/13/2018 8:15,225,8,1,8,15,0,3,0.313398238
8/13/2018 8:30,225,8,1,8,30,0,3,0.364394993
8/13/2018 8:45,225,8,1,8,45,0,3,0.391284191
8/13/2018 9:00,225,8,1,9,0,0,3,0.386648122
8/13/2018 9:15,225,8,1,9,15,0,3,0.417246175
8/13/2018 9:30,225,8,1,9,30,0,3,0.484932777
8/13/2018 9:45,225,8,1,9,45,0,3,0.544274455
8/13/2018 10:00,225,8,1,10,0,0,3,0.573018081
8/13/2018 10:15,225,8,1,10,15,0,3,0.600834492
8/13/2018 10:30,225,8,1,10,30,0,3,0.603616134
8/13/2018 10:45,225,8,1,10,45,0,3,0.5878535
8/13/2018 11:00,225,8,1,11,0,0,3,0.603616134
8/13/2018 11:15,225,8,1,11,15,0,3,0.629578118
8/13/2018 11:30,225,8,1,11,30,0,3,0.629578118
8/13/2018 11:45,225,8,1,11,45,0,3,0.613815484
8/13/2018 12:00,225,8,1,12,0,0,3,0.621233194
8/13/2018 12:15,225,8,1,12,15,0,3,0.624014835
8/13/2018 12:30,225,8,1,12,30,0,3,0.603616134
8/13/2018 12:45,225,8,1,12,45,0,3,0.585071859
8/13/2018 13:00,225,8,1,13,0,0,3,0.572090867
8/13/2018 13:15,225,8,1,13,15,0,3,0.547056096
8/13/2018 13:30,225,8,1,13,30,0,3,0.547056096
8/13/2018 13:45,225,8,1,13,45,0,3,0.589707928
8/13/2018 14:00,225,8,1,14,0,0,3,0.686138155
8/13/2018 14:15,225,8,1,14,15,0,3,0.64997682
8/13/2018 14:30,225,8,1,14,30,0,3,0.625869263
8/13/2018 14:45,225,8,1,14,45,0,3,0.637923041
8/13/2018 15:00,225,8,1,15,0,0,3,0.641631896
8/13/2018 15:15,225,8,1,15,15,0,3,0.661103384
8/13/2018 15:30,225,8,1,15,30,0,3,0.617524339
8/13/2018 15:45,225,8,1,15,45,0,3,0.636068614
8/13/2018 16:00,225,8,1,16,0,0,3,0.628650904
8/13/2018 16:15,225,8,1,16,15,0,3,0.626796477
8/13/2018 16:30,225,8,1,16,30,0,3,0.636995828
8/13/2018 16:45,225,8,1,16,45,0,3,0.614742698
8/13/2018 17:00,225,8,1,17,0,0,3,0.5878535
8/13/2018 17:15,225,8,1,17,15,0,3,0.611033843
8/13/2018 17:30,225,8,1,17,30,0,3,0.557255447
8/13/2018 17:45,225,8,1,17,45,0,3,0.5405656
8/13/2018 18:00,225,8,1,18,0,0,3,0.527584608
8/13/2018 18:15,225,8,1,18,15,0,3,0.509967548
8/13/2018 18:30,225,8,1,18,30,0,3,0.496986555
8/13/2018 18:45,225,8,1,18,45,0,3,0.48307835
8/13/2018 19:00,225,8,1,19,0,0,3,0.463606861
8/13/2018 19:15,225,8,1,19,15,0,3,0.45340751
8/13/2018 19:30,225,8,1,19,30,0,3,0.445062587
8/13/2018 19:45,225,8,1,19,45,0,3,0.450625869
8/13/2018 20:00,225,8,1,20,0,0,3,0.434863236
8/13/2018 20:15,225,8,1,20,15,0,3,0.430227167
8/13/2018 20:30,225,8,1,20,30,0,3,0.415391748
8/13/2018 20:45,225,8,1,20,45,0,3,0.408901252
8/13/2018 21:00,225,8,1,21,0,0,3,0.400556328
8/13/2018 21:15,225,8,1,21,15,0,3,0.407974038
8/13/2018 21:30,225,8,1,21,30,0,3,0.407974038
8/13/2018 21:45,225,8,1,21,45,0,3,0.410755679
8/13/2018 22:00,225,8,1,22,0,0,3,0.412610107
8/13/2018 22:15,225,8,1,22,15,0,3,0.411682893
8/13/2018 22:30,225,8,1,22,30,0,3,0.412610107
8/13/2018 22:45,225,8,1,22,45,0,3,0.404265183
8/13/2018 23:00,225,8,1,23,0,0,3,0.394993046
8/13/2018 23:15,225,8,1,23,15,0,3,0.390356977
8/13/2018 23:30,225,8,1,23,30,0,3,0.389429764
8/13/2018 23:45,225,8,1,23,45,0,3,0.384793695
8/20/2018 0:00,232,8,1,0,0,0,3,0.385720909
8/20/2018 0:15,232,8,1,0,15,0,3,0.382939268
8/20/2018 0:30,232,8,1,0,30,0,3,0.374594344
8/20/2018 0:45,232,8,1,0,45,0,3,0.367176634
8/20/2018 1:00,232,8,1,1,0,0,3,0.368103848
8/20/2018 1:15,232,8,1,1,15,0,3,0.368103848
8/20/2018 1:30,232,8,1,1,30,0,3,0.361613352
8/20/2018 1:45,232,8,1,1,45,0,3,0.361613352
8/20/2018 2:00,232,8,1,2,0,0,3,0.321743162
8/20/2018 2:15,232,8,1,2,15,0,3,0.312471025
8/20/2018 2:30,232,8,1,2,30,0,3,0.314325452
8/20/2018 2:45,232,8,1,2,45,0,3,0.305980529
8/20/2018 3:00,232,8,1,3,0,0,3,0.329160872
8/20/2018 3:15,232,8,1,3,15,0,3,0.330088085
8/20/2018 3:30,232,8,1,3,30,0,3,0.323597589
8/20/2018 3:45,232,8,1,3,45,0,3,0.305053315
8/20/2018 4:00,232,8,1,4,0,0,3,0.307834956
8/20/2018 4:15,232,8,1,4,15,0,3,0.302271674
8/20/2018 4:30,232,8,1,4,30,0,3,0.30134446
8/20/2018 4:45,232,8,1,4,45,0,3,0.30134446
8/20/2018 5:00,232,8,1,5,0,0,3,0.304126101
8/20/2018 5:15,232,8,1,5,15,0,3,0.295781178
8/20/2018 5:30,232,8,1,5,30,0,3,0.295781178
8/20/2018 5:45,232,8,1,5,45,0,3,0.300417246
8/20/2018 6:00,232,8,1,6,0,0,3,0.290217895
8/20/2018 6:15,232,8,1,6,15,0,3,0.294853964
8/20/2018 6:30,232,8,1,6,30,0,3,0.288363468
8/20/2018 6:45,232,8,1,6,45,0,3,0.292072323
8/20/2018 7:00,232,8,1,7,0,0,3,0.290217895
8/20/2018 7:15,232,8,1,7,15,0,3,0.294853964
8/20/2018 7:30,232,8,1,7,30,0,3,0.292072323
8/20/2018 7:45,232,8,1,7,45,0,3,0.309689383
8/20/2018 8:00,232,8,1,8,0,0,3,0.30876217
8/20/2018 8:15,232,8,1,8,15,0,3,0.307834956
8/20/2018 8:30,232,8,1,8,30,0,3,0.34121465
8/20/2018 8:45,232,8,1,8,45,0,3,0.350486787
8/20/2018 9:00,232,8,1,9,0,0,3,0.380157626
8/20/2018 9:15,232,8,1,9,15,0,3,0.442280946
8/20/2018 9:30,232,8,1,9,30,0,3,0.476587854
8/20/2018 9:45,232,8,1,9,45,0,3,0.479369495
8/20/2018 10:00,232,8,1,10,0,0,3,0.554473806
8/20/2018 10:15,232,8,1,10,15,0,3,0.589707928
8/20/2018 10:30,232,8,1,10,30,0,3,0.604543347
8/20/2018 10:45,232,8,1,10,45,0,3,0.594343996
8/20/2018 11:00,232,8,1,11,0,0,3,0.570236439
8/20/2018 11:15,232,8,1,11,15,0,3,0.575799722
8/20/2018 11:30,232,8,1,11,30,0,3,0.576726936
8/20/2018 11:45,232,8,1,11,45,0,3,0.563745943
8/20/2018 12:00,232,8,1,12,0,0,3,0.567454798
8/20/2018 12:15,232,8,1,12,15,0,3,0.559109875
8/20/2018 12:30,232,8,1,12,30,0,3,0.55540102
8/20/2018 12:45,232,8,1,12,45,0,3,0.55540102
8/20/2018 13:00,232,8,1,13,0,0,3,0.532220677
8/20/2018 13:15,232,8,1,13,15,0,3,0.522021326
8/20/2018 13:30,232,8,1,13,30,0,3,0.525730181
8/20/2018 13:45,232,8,1,13,45,0,3,0.592489569
8/20/2018 14:00,232,8,1,14,0,0,3,0.588780714
8/20/2018 14:15,232,8,1,14,15,0,3,0.54798331
8/20/2018 14:30,232,8,1,14,30,0,3,0.551692165
8/20/2018 14:45,232,8,1,14,45,0,3,0.578581363
8/20/2018 15:00,232,8,1,15,0,0,3,0.598052851
8/20/2018 15:15,232,8,1,15,15,0,3,0.598980065
8/20/2018 15:30,232,8,1,15,30,0,3,0.572090867
8/20/2018 15:45,232,8,1,15,45,0,3,0.534075104
8/20/2018 16:00,232,8,1,16,0,0,3,0.527584608
8/20/2018 16:15,232,8,1,16,15,0,3,0.536856745
8/20/2018 16:30,232,8,1,16,30,0,3,0.549837738
8/20/2018 16:45,232,8,1,16,45,0,3,0.557255447
8/20/2018 17:00,232,8,1,17,0,0,3,0.550764951
8/20/2018 17:15,232,8,1,17,15,0,3,0.561891516
8/20/2018 17:30,232,8,1,17,30,0,3,0.552619379
8/20/2018 17:45,232,8,1,17,45,0,3,0.551692165
8/20/2018 18:00,232,8,1,18,0,0,3,0.528511822
8/20/2018 18:15,232,8,1,18,15,0,3,0.517385257
8/20/2018 18:30,232,8,1,18,30,0,3,0.498840983
8/20/2018 18:45,232,8,1,18,45,0,3,0.50069541
8/20/2018 19:00,232,8,1,19,0,0,3,0.511821975
8/20/2018 19:15,232,8,1,19,15,0,3,0.487714418
8/20/2018 19:30,232,8,1,19,30,0,3,0.471024571
8/20/2018 19:45,232,8,1,19,45,0,3,0.463606861
8/20/2018 20:00,232,8,1,20,0,0,3,0.440426518
8/20/2018 20:15,232,8,1,20,15,0,3,0.434863236
8/20/2018 20:30,232,8,1,20,30,0,3,0.423736671
8/20/2018 20:45,232,8,1,20,45,0,3,0.404265183
8/20/2018 21:00,232,8,1,21,0,0,3,0.402410756
8/20/2018 21:15,232,8,1,21,15,0,3,0.396847473
8/20/2018 21:30,232,8,1,21,30,0,3,0.385720909
8/20/2018 21:45,232,8,1,21,45,0,3,0.386648122
8/20/2018 22:00,232,8,1,22,0,0,3,0.382012054
8/20/2018 22:15,232,8,1,22,15,0,3,0.372739917
8/20/2018 22:30,232,8,1,22,30,0,3,0.384793695
8/20/2018 22:45,232,8,1,22,45,0,3,0.385720909
8/20/2018 23:00,232,8,1,23,0,0,3,0.410755679
8/20/2018 23:15,232,8,1,23,15,0,3,0.408901252
8/20/2018 23:30,232,8,1,23,30,0,3,0.417246175
8/20/2018 23:45,232,8,1,23,45,0,3,0.402410756
8/27/2018 0:00,239,8,1,0,0,0,3,0.340287436
8/27/2018 0:15,239,8,1,0,15,0,3,0.343069077
8/27/2018 0:30,239,8,1,0,30,0,3,0.335651368
8/27/2018 0:45,239,8,1,0,45,0,3,0.337505795
8/27/2018 1:00,239,8,1,1,0,0,3,0.339360223
8/27/2018 1:15,239,8,1,1,15,0,3,0.331942513
8/27/2018 1:30,239,8,1,1,30,0,3,0.315252666
8/27/2018 1:45,239,8,1,1,45,0,3,0.306907742
8/27/2018 2:00,239,8,1,2,0,0,3,0.305980529
8/27/2018 2:15,239,8,1,2,15,0,3,0.306907742
8/27/2018 2:30,239,8,1,2,30,0,3,0.299490032
8/27/2018 2:45,239,8,1,2,45,0,3,0.316179879
8/27/2018 3:00,239,8,1,3,0,0,3,0.321743162
8/27/2018 3:15,239,8,1,3,15,0,3,0.318034307
8/27/2018 3:30,239,8,1,3,30,0,3,0.294853964
8/27/2018 3:45,239,8,1,3,45,0,3,0.289290682
8/27/2018 4:00,239,8,1,4,0,0,3,0.292072323
8/27/2018 4:15,239,8,1,4,15,0,3,0.28650904
8/27/2018 4:30,239,8,1,4,30,0,3,0.292072323
8/27/2018 4:45,239,8,1,4,45,0,3,0.285581827
8/27/2018 5:00,239,8,1,5,0,0,3,0.289290682
8/27/2018 5:15,239,8,1,5,15,0,3,0.287436254
8/27/2018 5:30,239,8,1,5,30,0,3,0.285581827
8/27/2018 5:45,239,8,1,5,45,0,3,0.285581827
8/27/2018 6:00,239,8,1,6,0,0,3,0.283727399
8/27/2018 6:15,239,8,1,6,15,0,3,0.280945758
8/27/2018 6:30,239,8,1,6,30,0,3,0.281872972
8/27/2018 6:45,239,8,1,6,45,0,3,0.274455262
8/27/2018 7:00,239,8,1,7,0,0,3,0.280018544
8/27/2018 7:15,239,8,1,7,15,0,3,0.280018544
8/27/2018 7:30,239,8,1,7,30,0,3,0.285581827
8/27/2018 7:45,239,8,1,7,45,0,3,0.284654613
8/27/2018 8:00,239,8,1,8,0,0,3,0.291145109
8/27/2018 8:15,239,8,1,8,15,0,3,0.318961521
8/27/2018 8:30,239,8,1,8,30,0,3,0.36624942
8/27/2018 8:45,239,8,1,8,45,0,3,0.361613352
8/27/2018 9:00,239,8,1,9,0,0,3,0.383866481
8/27/2018 9:15,239,8,1,9,15,0,3,0.382012054
8/27/2018 9:30,239,8,1,9,30,0,3,0.407974038
8/27/2018 9:45,239,8,1,9,45,0,3,0.41353732
8/27/2018 10:00,239,8,1,10,0,0,3,0.534075104
8/27/2018 10:15,239,8,1,10,15,0,3,0.557255447
8/27/2018 10:30,239,8,1,10,30,0,3,0.561891516
8/27/2018 10:45,239,8,1,10,45,0,3,0.58043579
8/27/2018 11:00,239,8,1,11,0,0,3,0.596198424
8/27/2018 11:15,239,8,1,11,15,0,3,0.620305981
8/27/2018 11:30,239,8,1,11,30,0,3,0.605470561
8/27/2018 11:45,239,8,1,11,45,0,3,0.560964302
8/27/2018 12:00,239,8,1,12,0,0,3,0.594343996
8/27/2018 12:15,239,8,1,12,15,0,3,0.575799722
8/27/2018 12:30,239,8,1,12,30,0,3,0.574872508
8/27/2018 12:45,239,8,1,12,45,0,3,0.578581363
8/27/2018 13:00,239,8,1,13,0,0,3,0.56281873
8/27/2018 13:15,239,8,1,13,15,0,3,0.566527585
8/27/2018 13:30,239,8,1,13,30,0,3,0.570236439
8/27/2018 13:45,239,8,1,13,45,0,3,0.576726936
8/27/2018 14:00,239,8,1,14,0,0,3,0.594343996
8/27/2018 14:15,239,8,1,14,15,0,3,0.598980065
8/27/2018 14:30,239,8,1,14,30,0,3,0.572090867
8/27/2018 14:45,239,8,1,14,45,0,3,0.585999073
8/27/2018 15:00,239,8,1,15,0,0,3,0.583217432
8/27/2018 15:15,239,8,1,15,15,0,3,0.576726936
8/27/2018 15:30,239,8,1,15,30,0,3,0.578581363
8/27/2018 15:45,239,8,1,15,45,0,3,0.568382012
8/27/2018 16:00,239,8,1,16,0,0,3,0.533147891
8/27/2018 16:15,239,8,1,16,15,0,3,0.52294854
8/27/2018 16:30,239,8,1,16,30,0,3,0.51553083
8/27/2018 16:45,239,8,1,16,45,0,3,0.375521558
8/27/2018 17:00,239,8,1,17,0,0,3,0.496986555
8/27/2018 17:15,239,8,1,17,15,0,3,0.484932777
8/27/2018 17:30,239,8,1,17,30,0,3,0.494204914
8/27/2018 17:45,239,8,1,17,45,0,3,0.482151136
8/27/2018 18:00,239,8,1,18,0,0,3,0.452480297
8/27/2018 18:15,239,8,1,18,15,0,3,0.424663885
8/27/2018 18:30,239,8,1,18,30,0,3,0.414464534
8/27/2018 18:45,239,8,1,18,45,0,3,0.407046824
8/27/2018 19:00,239,8,1,19,0,0,3,0.417246175
8/27/2018 19:15,239,8,1,19,15,0,3,0.418173389
8/27/2018 19:30,239,8,1,19,30,0,3,0.416318962
8/27/2018 19:45,239,8,1,19,45,0,3,0.396847473
8/27/2018 20:00,239,8,1,20,0,0,3,0.394065832
8/27/2018 20:15,239,8,1,20,15,0,3,0.376448771
8/27/2018 20:30,239,8,1,20,30,0,3,0.367176634
8/27/2018 20:45,239,8,1,20,45,0,3,0.34863236
8/27/2018 21:00,239,8,1,21,0,0,3,0.336578581
8/27/2018 21:15,239,8,1,21,15,0,3,0.340287436
8/27/2018 21:30,239,8,1,21,30,0,3,0.331015299
8/27/2018 21:45,239,8,1,21,45,0,3,0.34121465
8/27/2018 22:00,239,8,1,22,0,0,3,0.346777932
8/27/2018 22:15,239,8,1,22,15,0,3,0.350486787
8/27/2018 22:30,239,8,1,22,30,0,3,0.353268428
8/27/2018 22:45,239,8,1,22,45,0,3,0.346777932
8/27/2018 23:00,239,8,1,23,0,0,3,0.343069077
8/27/2018 23:15,239,8,1,23,15,0,3,0.338433009
8/27/2018 23:30,239,8,1,23,30,0,3,0.334724154
8/27/2018 23:45,239,8,1,23,45,0,3,0.337505795
12/3/2018 0:00,337,12,1,0,0,0,1,0.278164117
12/3/2018 0:15,337,12,1,0,15,0,1,0.280945758
12/3/2018 0:30,337,12,1,0,30,0,1,0.278164117
12/3/2018 0:45,337,12,1,0,45,0,1,0.276309689
12/3/2018 1:00,337,12,1,1,0,0,1,0.272600834
12/3/2018 1:15,337,12,1,1,15,0,1,0.275382476
12/3/2018 1:30,337,12,1,1,30,0,1,0.277236903
12/3/2018 1:45,337,12,1,1,45,0,1,0.273528048
12/3/2018 2:00,337,12,1,2,0,0,1,0.277236903
12/3/2018 2:15,337,12,1,2,15,0,1,0.274455262
12/3/2018 2:30,337,12,1,2,30,0,1,0.273528048
12/3/2018 2:45,337,12,1,2,45,0,1,0.276309689
12/3/2018 3:00,337,12,1,3,0,0,1,0.272600834
12/3/2018 3:15,337,12,1,3,15,0,1,0.276309689
12/3/2018 3:30,337,12,1,3,30,0,1,0.270746407
12/3/2018 3:45,337,12,1,3,45,0,1,0.271673621
12/3/2018 4:00,337,12,1,4,0,0,1,0.279091331
12/3/2018 4:15,337,12,1,4,15,0,1,0.270746407
12/3/2018 4:30,337,12,1,4,30,0,1,0.276309689
12/3/2018 4:45,337,12,1,4,45,0,1,0.267037552
12/3/2018 5:00,337,12,1,5,0,0,1,0.269819193
12/3/2018 5:15,337,12,1,5,15,0,1,0.267964766
12/3/2018 5:30,337,12,1,5,30,0,1,0.265183125
12/3/2018 5:45,337,12,1,5,45,0,1,0.267037552
12/3/2018 6:00,337,12,1,6,0,0,1,0.26889198
12/3/2018 6:15,337,12,1,6,15,0,1,0.266110338
12/3/2018 6:30,337,12,1,6,30,0,1,0.26147427
12/3/2018 6:45,337,12,1,6,45,0,1,0.257765415
12/3/2018 7:00,337,12,1,7,0,0,1,0.265183125
12/3/2018 7:15,337,12,1,7,15,0,1,0.26147427
12/3/2018 7:30,337,12,1,7,30,0,1,0.262401484
12/3/2018 7:45,337,12,1,7,45,0,1,0.267964766
12/3/2018 8:00,337,12,1,8,0,0,1,0.267964766
12/3/2018 8:15,337,12,1,8,15,0,1,0.275382476
12/3/2018 8:30,337,12,1,8,30,0,1,0.292999536
12/3/2018 8:45,337,12,1,8,45,0,1,0.305980529
12/3/2018 9:00,337,12,1,9,0,0,1,0.315252666
12/3/2018 9:15,337,12,1,9,15,0,1,0.335651368
12/3/2018 9:30,337,12,1,9,30,0,1,0.408901252
12/3/2018 9:45,337,12,1,9,45,0,1,0.433936022
12/3/2018 10:00,337,12,1,10,0,0,1,0.476587854
12/3/2018 10:15,337,12,1,10,15,0,1,0.502549838
12/3/2018 10:30,337,12,1,10,30,0,1,0.514603616
12/3/2018 10:45,337,12,1,10,45,0,1,0.529439036
12/3/2018 11:00,337,12,1,11,0,0,1,0.527584608
12/3/2018 11:15,337,12,1,11,15,0,1,0.504404265
12/3/2018 11:30,337,12,1,11,30,0,1,0.488641632
12/3/2018 11:45,337,12,1,11,45,0,1,0.490496059
12/3/2018 12:00,337,12,1,12,0,0,1,0.491423273
12/3/2018 12:15,337,12,1,12,15,0,1,0.502549838
12/3/2018 12:30,337,12,1,12,30,0,1,0.517385257
12/3/2018 12:45,337,12,1,12,45,0,1,0.506258693
12/3/2018 13:00,337,12,1,13,0,0,1,0.50069541
12/3/2018 13:15,337,12,1,13,15,0,1,0.491423273
12/3/2018 13:30,337,12,1,13,30,0,1,0.514603616
12/3/2018 13:45,337,12,1,13,45,0,1,0.543347242
12/3/2018 14:00,337,12,1,14,0,0,1,0.546128883
12/3/2018 14:15,337,12,1,14,15,0,1,0.550764951
12/3/2018 14:30,337,12,1,14,30,0,1,0.55540102
12/3/2018 14:45,337,12,1,14,45,0,1,0.563745943
12/3/2018 15:00,337,12,1,15,0,0,1,0.579508577
12/3/2018 15:15,337,12,1,15,15,0,1,0.557255447
12/3/2018 15:30,337,12,1,15,30,0,1,0.554473806
12/3/2018 15:45,337,12,1,15,45,0,1,0.51553083
12/3/2018 16:00,337,12,1,16,0,0,1,0.52294854
12/3/2018 16:15,337,12,1,16,15,0,1,0.51553083
12/3/2018 16:30,337,12,1,16,30,0,1,0.513676402
12/3/2018 16:45,337,12,1,16,45,0,1,0.50811312
12/3/2018 17:00,337,12,1,17,0,0,1,0.504404265
12/3/2018 17:15,337,12,1,17,15,0,1,0.490496059
12/3/2018 17:30,337,12,1,17,30,0,1,0.463606861
12/3/2018 17:45,337,12,1,17,45,0,1,0.46082522
12/3/2018 18:00,337,12,1,18,0,0,1,0.446917014
12/3/2018 18:15,337,12,1,18,15,0,1,0.430227167
12/3/2018 18:30,337,12,1,18,30,0,1,0.419100603
12/3/2018 18:45,337,12,1,18,45,0,1,0.429299954
12/3/2018 19:00,337,12,1,19,0,0,1,0.421882244
12/3/2018 19:15,337,12,1,19,15,0,1,0.422809458
12/3/2018 19:30,337,12,1,19,30,0,1,0.407974038
12/3/2018 19:45,337,12,1,19,45,0,1,0.387575336
12/3/2018 20:00,337,12,1,20,0,0,1,0.37366713
12/3/2018 20:15,337,12,1,20,15,0,1,0.362540566
12/3/2018 20:30,337,12,1,20,30,0,1,0.363467779
12/3/2018 20:45,337,12,1,20,45,0,1,0.335651368
12/3/2018 21:00,337,12,1,21,0,0,1,0.327306444
12/3/2018 21:15,337,12,1,21,15,0,1,0.339360223
12/3/2018 21:30,337,12,1,21,30,0,1,0.335651368
12/3/2018 21:45,337,12,1,21,45,0,1,0.337505795
12/3/2018 22:00,337,12,1,22,0,0,1,0.343069077
12/3/2018 22:15,337,12,1,22,15,0,1,0.336578581
12/3/2018 22:30,337,12,1,22,30,0,1,0.327306444
12/3/2018 22:45,337,12,1,22,45,0,1,0.320815948
12/3/2018 23:00,337,12,1,23,0,0,1,0.317107093
12/3/2018 23:15,337,12,1,23,15,0,1,0.292999536
12/3/2018 23:30,337,12,1,23,30,0,1,0.29392675
12/3/2018 23:45,337,12,1,23,45,0,1,0.290217895
12/10/2018 0:00,344,12,1,0,0,0,1,0.288363468
12/10/2018 0:15,344,12,1,0,15,0,1,0.283727399
12/10/2018 0:30,344,12,1,0,30,0,1,0.288363468
12/10/2018 0:45,344,12,1,0,45,0,1,0.282800185
12/10/2018 1:00,344,12,1,1,0,0,1,0.285581827
12/10/2018 1:15,344,12,1,1,15,0,1,0.28650904
12/10/2018 1:30,344,12,1,1,30,0,1,0.287436254
12/10/2018 1:45,344,12,1,1,45,0,1,0.280018544
12/10/2018 2:00,344,12,1,2,0,0,1,0.275382476
12/10/2018 2:15,344,12,1,2,15,0,1,0.278164117
12/10/2018 2:30,344,12,1,2,30,0,1,0.273528048
12/10/2018 2:45,344,12,1,2,45,0,1,0.274455262
12/10/2018 3:00,344,12,1,3,0,0,1,0.278164117
12/10/2018 3:15,344,12,1,3,15,0,1,0.277236903
12/10/2018 3:30,344,12,1,3,30,0,1,0.278164117
12/10/2018 3:45,344,12,1,3,45,0,1,0.274455262
12/10/2018 4:00,344,12,1,4,0,0,1,0.271673621
12/10/2018 4:15,344,12,1,4,15,0,1,0.272600834
12/10/2018 4:30,344,12,1,4,30,0,1,0.271673621
12/10/2018 4:45,344,12,1,4,45,0,1,0.273528048
12/10/2018 5:00,344,12,1,5,0,0,1,0.271673621
12/10/2018 5:15,344,12,1,5,15,0,1,0.272600834
12/10/2018 5:30,344,12,1,5,30,0,1,0.270746407
12/10/2018 5:45,344,12,1,5,45,0,1,0.26889198
12/10/2018 6:00,344,12,1,6,0,0,1,0.258692629
12/10/2018 6:15,344,12,1,6,15,0,1,0.264255911
12/10/2018 6:30,344,12,1,6,30,0,1,0.259619842
12/10/2018 6:45,344,12,1,6,45,0,1,0.252202133
12/10/2018 7:00,344,12,1,7,0,0,1,0.255910987
12/10/2018 7:15,344,12,1,7,15,0,1,0.25405656
12/10/2018 7:30,344,12,1,7,30,0,1,0.260547056
12/10/2018 7:45,344,12,1,7,45,0,1,0.252202133
12/10/2018 8:00,344,12,1,8,0,0,1,0.260547056
12/10/2018 8:15,344,12,1,8,15,0,1,0.267964766
12/10/2018 8:30,344,12,1,8,30,0,1,0.272600834
12/10/2018 8:45,344,12,1,8,45,0,1,0.281872972
12/10/2018 9:00,344,12,1,9,0,0,1,0.278164117
12/10/2018 9:15,344,12,1,9,15,0,1,0.297635605
12/10/2018 9:30,344,12,1,9,30,0,1,0.369958275
12/10/2018 9:45,344,12,1,9,45,0,1,0.398701901
12/10/2018 10:00,344,12,1,10,0,0,1,0.444135373
12/10/2018 10:15,344,12,1,10,15,0,1,0.461752434
12/10/2018 10:30,344,12,1,10,30,0,1,0.46824293
12/10/2018 10:45,344,12,1,10,45,0,1,0.493277701
12/10/2018 11:00,344,12,1,11,0,0,1,0.474733426
12/10/2018 11:15,344,12,1,11,15,0,1,0.479369495
12/10/2018 11:30,344,12,1,11,30,0,1,0.499768197
12/10/2018 11:45,344,12,1,11,45,0,1,0.471951785
12/10/2018 12:00,344,12,1,12,0,0,1,0.479369495
12/10/2018 12:15,344,12,1,12,15,0,1,0.470097357
12/10/2018 12:30,344,12,1,12,30,0,1,0.493277701
12/10/2018 12:45,344,12,1,12,45,0,1,0.484932777
12/10/2018 13:00,344,12,1,13,0,0,1,0.490496059
12/10/2018 13:15,344,12,1,13,15,0,1,0.472878999
12/10/2018 13:30,344,12,1,13,30,0,1,0.442280946
12/10/2018 13:45,344,12,1,13,45,0,1,0.450625869
12/10/2018 14:00,344,12,1,14,0,0,1,0.473806212
12/10/2018 14:15,344,12,1,14,15,0,1,0.502549838
12/10/2018 14:30,344,12,1,14,30,0,1,0.505331479
12/10/2018 14:45,344,12,1,14,45,0,1,0.499768197
12/10/2018 15:00,344,12,1,15,0,0,1,0.496059342
12/10/2018 15:15,344,12,1,15,15,0,1,0.488641632
12/10/2018 15:30,344,12,1,15,30,0,1,0.494204914
12/10/2018 15:45,344,12,1,15,45,0,1,0.497913769
12/10/2018 16:00,344,12,1,16,0,0,1,0.490496059
12/10/2018 16:15,344,12,1,16,15,0,1,0.476587854
12/10/2018 16:30,344,12,1,16,30,0,1,0.469170144
12/10/2018 16:45,344,12,1,16,45,0,1,0.458970793
12/10/2018 17:00,344,12,1,17,0,0,1,0.429299954
12/10/2018 17:15,344,12,1,17,15,0,1,0.422809458
12/10/2018 17:30,344,12,1,17,30,0,1,0.42095503
12/10/2018 17:45,344,12,1,17,45,0,1,0.423736671
12/10/2018 18:00,344,12,1,18,0,0,1,0.415391748
12/10/2018 18:15,344,12,1,18,15,0,1,0.403337969
12/10/2018 18:30,344,12,1,18,30,0,1,0.391284191
12/10/2018 18:45,344,12,1,18,45,0,1,0.374594344
12/10/2018 19:00,344,12,1,19,0,0,1,0.370885489
12/10/2018 19:15,344,12,1,19,15,0,1,0.369958275
12/10/2018 19:30,344,12,1,19,30,0,1,0.36624942
12/10/2018 19:45,344,12,1,19,45,0,1,0.358831711
12/10/2018 20:00,344,12,1,20,0,0,1,0.350486787
12/10/2018 20:15,344,12,1,20,15,0,1,0.359758924
12/10/2018 20:30,344,12,1,20,30,0,1,0.367176634
12/10/2018 20:45,344,12,1,20,45,0,1,0.365322207
12/10/2018 21:00,344,12,1,21,0,0,1,0.344923505
12/10/2018 21:15,344,12,1,21,15,0,1,0.343069077
12/10/2018 21:30,344,12,1,21,30,0,1,0.339360223
12/10/2018 21:45,344,12,1,21,45,0,1,0.338433009
12/10/2018 22:00,344,12,1,22,0,0,1,0.338433009
12/10/2018 22:15,344,12,1,22,15,0,1,0.351414001
12/10/2018 22:30,344,12,1,22,30,0,1,0.310616597
12/10/2018 22:45,344,12,1,22,45,0,1,0.297635605
12/10/2018 23:00,344,12,1,23,0,0,1,0.291145109
12/10/2018 23:15,344,12,1,23,15,0,1,0.288363468
12/10/2018 23:30,344,12,1,23,30,0,1,0.290217895
12/10/2018 23:45,344,12,1,23,45,0,1,0.291145109
12/17/2018 0:00,351,12,1,0,0,0,1,0.279091331
12/17/2018 0:15,351,12,1,0,15,0,1,0.270746407
12/17/2018 0:30,351,12,1,0,30,0,1,0.276309689
12/17/2018 0:45,351,12,1,0,45,0,1,0.280018544
12/17/2018 1:00,351,12,1,1,0,0,1,0.279091331
12/17/2018 1:15,351,12,1,1,15,0,1,0.278164117
12/17/2018 1:30,351,12,1,1,30,0,1,0.280945758
12/17/2018 1:45,351,12,1,1,45,0,1,0.28650904
12/17/2018 2:00,351,12,1,2,0,0,1,0.280945758
12/17/2018 2:15,351,12,1,2,15,0,1,0.273528048
12/17/2018 2:30,351,12,1,2,30,0,1,0.280018544
12/17/2018 2:45,351,12,1,2,45,0,1,0.270746407
12/17/2018 3:00,351,12,1,3,0,0,1,0.276309689
12/17/2018 3:15,351,12,1,3,15,0,1,0.273528048
12/17/2018 3:30,351,12,1,3,30,0,1,0.274455262
12/17/2018 3:45,351,12,1,3,45,0,1,0.271673621
12/17/2018 4:00,351,12,1,4,0,0,1,0.271673621
12/17/2018 4:15,351,12,1,4,15,0,1,0.26889198
12/17/2018 4:30,351,12,1,4,30,0,1,0.267037552
12/17/2018 4:45,351,12,1,4,45,0,1,0.262401484
12/17/2018 5:00,351,12,1,5,0,0,1,0.266110338
12/17/2018 5:15,351,12,1,5,15,0,1,0.263328697
12/17/2018 5:30,351,12,1,5,30,0,1,0.26147427
12/17/2018 5:45,351,12,1,5,45,0,1,0.26147427
12/17/2018 6:00,351,12,1,6,0,0,1,0.262401484
12/17/2018 6:15,351,12,1,6,15,0,1,0.263328697
12/17/2018 6:30,351,12,1,6,30,0,1,0.267037552
12/17/2018 6:45,351,12,1,6,45,0,1,0.262401484
12/17/2018 7:00,351,12,1,7,0,0,1,0.257765415
12/17/2018 7:15,351,12,1,7,15,0,1,0.257765415
12/17/2018 7:30,351,12,1,7,30,0,1,0.256838201
12/17/2018 7:45,351,12,1,7,45,0,1,0.256838201
12/17/2018 8:00,351,12,1,8,0,0,1,0.256838201
12/17/2018 8:15,351,12,1,8,15,0,1,0.247566064
12/17/2018 8:30,351,12,1,8,30,0,1,0.260547056
12/17/2018 8:45,351,12,1,8,45,0,1,0.280945758
12/17/2018 9:00,351,12,1,9,0,0,1,0.271673621
12/17/2018 9:15,351,12,1,9,15,0,1,0.296708391
12/17/2018 9:30,351,12,1,9,30,0,1,0.312471025
12/17/2018 9:45,351,12,1,9,45,0,1,0.355122856
12/17/2018 10:00,351,12,1,10,0,0,1,0.391284191
12/17/2018 10:15,351,12,1,10,15,0,1,0.41353732
12/17/2018 10:30,351,12,1,10,30,0,1,0.419100603
12/17/2018 10:45,351,12,1,10,45,0,1,0.434863236
12/17/2018 11:00,351,12,1,11,0,0,1,0.466388503
12/17/2018 11:15,351,12,1,11,15,0,1,0.476587854
12/17/2018 11:30,351,12,1,11,30,0,1,0.469170144
12/17/2018 11:45,351,12,1,11,45,0,1,0.45340751
12/17/2018 12:00,351,12,1,12,0,0,1,0.455261938
12/17/2018 12:15,351,12,1,12,15,0,1,0.442280946
12/17/2018 12:30,351,12,1,12,30,0,1,0.439499305
12/17/2018 12:45,351,12,1,12,45,0,1,0.429299954
12/17/2018 13:00,351,12,1,13,0,0,1,0.425591099
12/17/2018 13:15,351,12,1,13,15,0,1,0.418173389
12/17/2018 13:30,351,12,1,13,30,0,1,0.417246175
12/17/2018 13:45,351,12,1,13,45,0,1,0.452480297
12/17/2018 14:00,351,12,1,14,0,0,1,0.473806212
12/17/2018 14:15,351,12,1,14,15,0,1,0.457116365
12/17/2018 14:30,351,12,1,14,30,0,1,0.470097357
12/17/2018 14:45,351,12,1,14,45,0,1,0.450625869
12/17/2018 15:00,351,12,1,15,0,0,1,0.480296708
12/17/2018 15:15,351,12,1,15,15,0,1,0.481223922
12/17/2018 15:30,351,12,1,15,30,0,1,0.46824293
12/17/2018 15:45,351,12,1,15,45,0,1,0.486787204
12/17/2018 16:00,351,12,1,16,0,0,1,0.466388503
12/17/2018 16:15,351,12,1,16,15,0,1,0.447844228
12/17/2018 16:30,351,12,1,16,30,0,1,0.449698656
12/17/2018 16:45,351,12,1,16,45,0,1,0.433936022
12/17/2018 17:00,351,12,1,17,0,0,1,0.449698656
12/17/2018 17:15,351,12,1,17,15,0,1,0.450625869
12/17/2018 17:30,351,12,1,17,30,0,1,0.441353732
12/17/2018 17:45,351,12,1,17,45,0,1,0.438572091
12/17/2018 18:00,351,12,1,18,0,0,1,0.418173389
12/17/2018 18:15,351,12,1,18,15,0,1,0.394065832
12/17/2018 18:30,351,12,1,18,30,0,1,0.385720909
12/17/2018 18:45,351,12,1,18,45,0,1,0.384793695
12/17/2018 19:00,351,12,1,19,0,0,1,0.379230413
12/17/2018 19:15,351,12,1,19,15,0,1,0.377375985
12/17/2018 19:30,351,12,1,19,30,0,1,0.36624942
12/17/2018 19:45,351,12,1,19,45,0,1,0.351414001
12/17/2018 20:00,351,12,1,20,0,0,1,0.34863236
12/17/2018 20:15,351,12,1,20,15,0,1,0.337505795
12/17/2018 20:30,351,12,1,20,30,0,1,0.328233658
12/17/2018 20:45,351,12,1,20,45,0,1,0.327306444
12/17/2018 21:00,351,12,1,21,0,0,1,0.322670376
12/17/2018 21:15,351,12,1,21,15,0,1,0.316179879
12/17/2018 21:30,351,12,1,21,30,0,1,0.300417246
12/17/2018 21:45,351,12,1,21,45,0,1,0.28650904
12/17/2018 22:00,351,12,1,22,0,0,1,0.28650904
12/17/2018 22:15,351,12,1,22,15,0,1,0.28650904
12/17/2018 22:30,351,12,1,22,30,0,1,0.292072323
12/17/2018 22:45,351,12,1,22,45,0,1,0.299490032
12/17/2018 23:00,351,12,1,23,0,0,1,0.310616597
12/17/2018 23:15,351,12,1,23,15,0,1,0.316179879
12/17/2018 23:30,351,12,1,23,30,0,1,0.311543811
12/17/2018 23:45,351,12,1,23,45,0,1,0.310616597
12/24/2018 0:00,358,12,1,0,0,0,1,0.26889198
12/24/2018 0:15,358,12,1,0,15,0,1,0.266110338
12/24/2018 0:30,358,12,1,0,30,0,1,0.275382476
12/24/2018 0:45,358,12,1,0,45,0,1,0.277236903
12/24/2018 1:00,358,12,1,1,0,0,1,0.278164117
12/24/2018 1:15,358,12,1,1,15,0,1,0.269819193
12/24/2018 1:30,358,12,1,1,30,0,1,0.267964766
12/24/2018 1:45,358,12,1,1,45,0,1,0.272600834
12/24/2018 2:00,358,12,1,2,0,0,1,0.269819193
12/24/2018 2:15,358,12,1,2,15,0,1,0.267037552
12/24/2018 2:30,358,12,1,2,30,0,1,0.257765415
12/24/2018 2:45,358,12,1,2,45,0,1,0.259619842
12/24/2018 3:00,358,12,1,3,0,0,1,0.266110338
12/24/2018 3:15,358,12,1,3,15,0,1,0.26889198
12/24/2018 3:30,358,12,1,3,30,0,1,0.270746407
12/24/2018 3:45,358,12,1,3,45,0,1,0.267964766
12/24/2018 4:00,358,12,1,4,0,0,1,0.265183125
12/24/2018 4:15,358,12,1,4,15,0,1,0.263328697
12/24/2018 4:30,358,12,1,4,30,0,1,0.262401484
12/24/2018 4:45,358,12,1,4,45,0,1,0.263328697
12/24/2018 5:00,358,12,1,5,0,0,1,0.267964766
12/24/2018 5:15,358,12,1,5,15,0,1,0.267037552
12/24/2018 5:30,358,12,1,5,30,0,1,0.26147427
12/24/2018 5:45,358,12,1,5,45,0,1,0.260547056
12/24/2018 6:00,358,12,1,6,0,0,1,0.264255911
12/24/2018 6:15,358,12,1,6,15,0,1,0.260547056
12/24/2018 6:30,358,12,1,6,30,0,1,0.250347705
12/24/2018 6:45,358,12,1,6,45,0,1,0.243857209
12/24/2018 7:00,358,12,1,7,0,0,1,0.244784423
12/24/2018 7:15,358,12,1,7,15,0,1,0.23922114
12/24/2018 7:30,358,12,1,7,30,0,1,0.242002782
12/24/2018 7:45,358,12,1,7,45,0,1,0.240148354
12/24/2018 8:00,358,12,1,8,0,0,1,0.242002782
12/24/2018 8:15,358,12,1,8,15,0,1,0.243857209
12/24/2018 8:30,358,12,1,8,30,0,1,0.250347705
12/24/2018 8:45,358,12,1,8,45,0,1,0.270746407
12/24/2018 9:00,358,12,1,9,0,0,1,0.281872972
12/24/2018 9:15,358,12,1,9,15,0,1,0.287436254
12/24/2018 9:30,358,12,1,9,30,0,1,0.329160872
12/24/2018 9:45,358,12,1,9,45,0,1,0.331942513
12/24/2018 10:00,358,12,1,10,0,0,1,0.358831711
12/24/2018 10:15,358,12,1,10,15,0,1,0.370885489
12/24/2018 10:30,358,12,1,10,30,0,1,0.402410756
12/24/2018 10:45,358,12,1,10,45,0,1,0.408901252
12/24/2018 11:00,358,12,1,11,0,0,1,0.281872972
12/24/2018 11:15,358,12,1,11,15,0,1,0.430227167
12/24/2018 11:30,358,12,1,11,30,0,1,0.441353732
12/24/2018 11:45,358,12,1,11,45,0,1,0.459898006
12/24/2018 12:00,358,12,1,12,0,0,1,0.441353732
12/24/2018 12:15,358,12,1,12,15,0,1,0.472878999
12/24/2018 12:30,358,12,1,12,30,0,1,0.463606861
12/24/2018 12:45,358,12,1,12,45,0,1,0.446917014
12/24/2018 13:00,358,12,1,13,0,0,1,0.467315716
12/24/2018 13:15,358,12,1,13,15,0,1,0.47566064
12/24/2018 13:30,358,12,1,13,30,0,1,0.447844228
12/24/2018 13:45,358,12,1,13,45,0,1,0.466388503
12/24/2018 14:00,358,12,1,14,0,0,1,0.471951785
12/24/2018 14:15,358,12,1,14,15,0,1,0.484005563
12/24/2018 14:30,358,12,1,14,30,0,1,0.439499305
12/24/2018 14:45,358,12,1,14,45,0,1,0.445989801
12/24/2018 15:00,358,12,1,15,0,0,1,0.470097357
12/24/2018 15:15,358,12,1,15,15,0,1,0.466388503
12/24/2018 15:30,358,12,1,15,30,0,1,0.445989801
12/24/2018 15:45,358,12,1,15,45,0,1,0.46082522
12/24/2018 16:00,358,12,1,16,0,0,1,0.473806212
12/24/2018 16:15,358,12,1,16,15,0,1,0.466388503
12/24/2018 16:30,358,12,1,16,30,0,1,0.437644877
12/24/2018 16:45,358,12,1,16,45,0,1,0.433008809
12/24/2018 17:00,358,12,1,17,0,0,1,0.425591099
12/24/2018 17:15,358,12,1,17,15,0,1,0.416318962
12/24/2018 17:30,358,12,1,17,30,0,1,0.405192397
12/24/2018 17:45,358,12,1,17,45,0,1,0.409828465
12/24/2018 18:00,358,12,1,18,0,0,1,0.405192397
12/24/2018 18:15,358,12,1,18,15,0,1,0.399629115
12/24/2018 18:30,358,12,1,18,30,0,1,0.384793695
12/24/2018 18:45,358,12,1,18,45,0,1,0.371812703
12/24/2018 19:00,358,12,1,19,0,0,1,0.36624942
12/24/2018 19:15,358,12,1,19,15,0,1,0.359758924
12/24/2018 19:30,358,12,1,19,30,0,1,0.361613352
12/24/2018 19:45,358,12,1,19,45,0,1,0.353268428
12/24/2018 20:00,358,12,1,20,0,0,1,0.34863236
12/24/2018 20:15,358,12,1,20,15,0,1,0.342141864
12/24/2018 20:30,358,12,1,20,30,0,1,0.337505795
12/24/2018 20:45,358,12,1,20,45,0,1,0.33379694
12/24/2018 21:00,358,12,1,21,0,0,1,0.331942513
12/24/2018 21:15,358,12,1,21,15,0,1,0.332869726
12/24/2018 21:30,358,12,1,21,30,0,1,0.325452017
12/24/2018 21:45,358,12,1,21,45,0,1,0.322670376
12/24/2018 22:00,358,12,1,22,0,0,1,0.316179879
12/24/2018 22:15,358,12,1,22,15,0,1,0.288363468
12/24/2018 22:30,358,12,1,22,30,0,1,0.288363468
12/24/2018 22:45,358,12,1,22,45,0,1,0.280945758
12/24/2018 23:00,358,12,1,23,0,0,1,0.283727399
12/24/2018 23:15,358,12,1,23,15,0,1,0.282800185
12/24/2018 23:30,358,12,1,23,30,0,1,0.278164117
12/24/2018 23:45,358,12,1,23,45,0,1,0.280018544
12/31/2018 0:00,365,12,1,0,0,0,1,0.279091331
12/31/2018 0:15,365,12,1,0,15,0,1,0.273528048
12/31/2018 0:30,365,12,1,0,30,0,1,0.267037552
12/31/2018 0:45,365,12,1,0,45,0,1,0.262401484
12/31/2018 1:00,365,12,1,1,0,0,1,0.264255911
12/31/2018 1:15,365,12,1,1,15,0,1,0.263328697
12/31/2018 1:30,365,12,1,1,30,0,1,0.263328697
12/31/2018 1:45,365,12,1,1,45,0,1,0.260547056
12/31/2018 2:00,365,12,1,2,0,0,1,0.254983774
12/31/2018 2:15,365,12,1,2,15,0,1,0.257765415
12/31/2018 2:30,365,12,1,2,30,0,1,0.258692629
12/31/2018 2:45,365,12,1,2,45,0,1,0.26147427
12/31/2018 3:00,365,12,1,3,0,0,1,0.267037552
12/31/2018 3:15,365,12,1,3,15,0,1,0.267037552
12/31/2018 3:30,365,12,1,3,30,0,1,0.267037552
12/31/2018 3:45,365,12,1,3,45,0,1,0.266110338
12/31/2018 4:00,365,12,1,4,0,0,1,0.263328697
12/31/2018 4:15,365,12,1,4,15,0,1,0.265183125
12/31/2018 4:30,365,12,1,4,30,0,1,0.263328697
12/31/2018 4:45,365,12,1,4,45,0,1,0.26147427
12/31/2018 5:00,365,12,1,5,0,0,1,0.257765415
12/31/2018 5:15,365,12,1,5,15,0,1,0.262401484
12/31/2018 5:30,365,12,1,5,30,0,1,0.26147427
12/31/2018 5:45,365,12,1,5,45,0,1,0.263328697
12/31/2018 6:00,365,12,1,6,0,0,1,0.26147427
12/31/2018 6:15,365,12,1,6,15,0,1,0.256838201
12/31/2018 6:30,365,12,1,6,30,0,1,0.257765415
12/31/2018 6:45,365,12,1,6,45,0,1,0.254983774
12/31/2018 7:00,365,12,1,7,0,0,1,0.256838201
12/31/2018 7:15,365,12,1,7,15,0,1,0.262401484
12/31/2018 7:30,365,12,1,7,30,0,1,0.257765415
12/31/2018 7:45,365,12,1,7,45,0,1,0.260547056
12/31/2018 8:00,365,12,1,8,0,0,1,0.257765415
12/31/2018 8:15,365,12,1,8,15,0,1,0.256838201
12/31/2018 8:30,365,12,1,8,30,0,1,0.26147427
12/31/2018 8:45,365,12,1,8,45,0,1,0.267964766
12/31/2018 9:00,365,12,1,9,0,0,1,0.292999536
12/31/2018 9:15,365,12,1,9,15,0,1,0.299490032
12/31/2018 9:30,365,12,1,9,30,0,1,0.310616597
12/31/2018 9:45,365,12,1,9,45,0,1,0.314325452
12/31/2018 10:00,365,12,1,10,0,0,1,0.336578581
12/31/2018 10:15,365,12,1,10,15,0,1,0.34121465
12/31/2018 10:30,365,12,1,10,30,0,1,0.367176634
12/31/2018 10:45,365,12,1,10,45,0,1,0.376448771
12/31/2018 11:00,365,12,1,11,0,0,1,0.394993046
12/31/2018 11:15,365,12,1,11,15,0,1,0.403337969
12/31/2018 11:30,365,12,1,11,30,0,1,0.406119611
12/31/2018 11:45,365,12,1,11,45,0,1,0.406119611
12/31/2018 12:00,365,12,1,12,0,0,1,0.411682893
12/31/2018 12:15,365,12,1,12,15,0,1,0.416318962
12/31/2018 12:30,365,12,1,12,30,0,1,0.411682893
12/31/2018 12:45,365,12,1,12,45,0,1,0.418173389
12/31/2018 13:00,365,12,1,13,0,0,1,0.417246175
12/31/2018 13:15,365,12,1,13,15,0,1,0.411682893
12/31/2018 13:30,365,12,1,13,30,0,1,0.396847473
12/31/2018 13:45,365,12,1,13,45,0,1,0.394065832
12/31/2018 14:00,365,12,1,14,0,0,1,0.408901252
12/31/2018 14:15,365,12,1,14,15,0,1,0.411682893
12/31/2018 14:30,365,12,1,14,30,0,1,0.415391748
12/31/2018 14:45,365,12,1,14,45,0,1,0.425591099
12/31/2018 15:00,365,12,1,15,0,0,1,0.432081595
12/31/2018 15:15,365,12,1,15,15,0,1,0.451553083
12/31/2018 15:30,365,12,1,15,30,0,1,0.471951785
12/31/2018 15:45,365,12,1,15,45,0,1,0.454334724
12/31/2018 16:00,365,12,1,16,0,0,1,0.454334724
12/31/2018 16:15,365,12,1,16,15,0,1,0.444135373
12/31/2018 16:30,365,12,1,16,30,0,1,0.417246175
12/31/2018 16:45,365,12,1,16,45,0,1,0.405192397
12/31/2018 17:00,365,12,1,17,0,0,1,0.397774687
12/31/2018 17:15,365,12,1,17,15,0,1,0.394065832
12/31/2018 17:30,365,12,1,17,30,0,1,0.382939268
12/31/2018 17:45,365,12,1,17,45,0,1,0.379230413
12/31/2018 18:00,365,12,1,18,0,0,1,0.363467779
12/31/2018 18:15,365,12,1,18,15,0,1,0.36624942
12/31/2018 18:30,365,12,1,18,30,0,1,0.356977283
12/31/2018 18:45,365,12,1,18,45,0,1,0.343069077
12/31/2018 19:00,365,12,1,19,0,0,1,0.351414001
12/31/2018 19:15,365,12,1,19,15,0,1,0.340287436
12/31/2018 19:30,365,12,1,19,30,0,1,0.334724154
12/31/2018 19:45,365,12,1,19,45,0,1,0.335651368
12/31/2018 20:00,365,12,1,20,0,0,1,0.32637923
12/31/2018 20:15,365,12,1,20,15,0,1,0.329160872
12/31/2018 20:30,365,12,1,20,30,0,1,0.318961521
12/31/2018 20:45,365,12,1,20,45,0,1,0.315252666
12/31/2018 21:00,365,12,1,21,0,0,1,0.305980529
12/31/2018 21:15,365,12,1,21,15,0,1,0.304126101
12/31/2018 21:30,365,12,1,21,30,0,1,0.310616597
12/31/2018 21:45,365,12,1,21,45,0,1,0.306907742
12/31/2018 22:00,365,12,1,22,0,0,1,0.303198887
12/31/2018 22:15,365,12,1,22,15,0,1,0.299490032
12/31/2018 22:30,365,12,1,22,30,0,1,0.299490032
12/31/2018 22:45,365,12,1,22,45,0,1,0.297635605
12/31/2018 23:00,365,12,1,23,0,0,1,0.295781178
12/31/2018 23:15,365,12,1,23,15,0,1,0.298562819
12/31/2018 23:30,365,12,1,23,30,0,1,0.296708391
12/31/2018 23:45,365,12,1,23,45,0,1,0.292999536
